武器種,名前,レア度,スロット1,スロット2,スロット3,入手時期,表示攻撃力,防御ボーナス,スキル系統1,スキル値1,スキル系統2,スキル値2,スキル系統3,スキル値3,スキル系統4,スキル値4,スキル系統5,スキル値5,スキル系統6,スキル値6,スキル系統7,スキル値7,生産素材1,個数,生産素材2,個数,生産素材3,個数,生産素材4,個数,仮番号
大剣,ホープブレイドⅠ,0,0,0,0,0,90,0,,,,,,,,,,,,,,,,,,,,,,,
大剣,ホープブレイドⅡ,0,0,0,0,0,100,0,砥石使用高速化,1,,,,,,,,,,,,,,,,,,,,,
大剣,ホープブレイドⅢ,0,0,0,0,0,130,0,砥石使用高速化,1,見切り,1,,,,,,,,,,,,,,,,,,,
大剣,ホープブレイドⅣ,0,2,1,0,0,160,0,砥石使用高速化,2,見切り,1,,,,,,,,,,,,,,,,,,,
大剣,ホープブレイドⅤ,0,3,2,0,0,190,0,砥石使用高速化,2,見切り,1,,,,,,,,,,,,,,,,,,,
大剣,ヴァルキリーブレイドⅠ,0,2,1,0,0,160,0,会心撃【特殊】,2,毒ダメージ強化,1,,,,,,,,,,,,,,,,,,,
大剣,ヴァルキリーブレイドⅡ,0,3,2,0,0,190,0,会心撃【特殊】,3,毒ダメージ強化,1,,,,,,,,,,,,,,,,,,,
大剣,ジークリンデ,0,3,2,1,0,210,0,会心撃【特殊】,3,毒ダメージ強化,1,,,,,,,,,,,,,,,,,,,
大剣,ザンシュトウ【鶏】Ⅰ,0,2,1,0,0,180,0,集中,1,チャージマスター,1,,,,,,,,,,,,,,,,,,,
大剣,ザンシュトウ【鶏】Ⅱ,0,2,1,0,0,210,0,集中,2,チャージマスター,2,,,,,,,,,,,,,,,,,,,
大剣,ザンシュトウ【軍鶏】,0,3,2,1,0,220,0,集中,2,チャージマスター,2,,,,,,,,,,,,,,,,,,,
大剣,虚無の大剣Ⅰ,0,1,0,0,0,160,0,抜刀術【技】,2,,,,,,,,,,,,,,,,,,,,,
大剣,虚無の大剣Ⅱ,0,2,1,1,0,190,0,抜刀術【技】,2,,,,,,,,,,,,,,,,,,,,,
大剣,暗大剣プルガヴル,0,3,2,1,0,220,0,抜刀術【技】,3,,,,,,,,,,,,,,,,,,,,,
大剣,ケマスエスパダⅠ,0,0,0,0,0,100,0,抜刀術【力】,1,,,,,,,,,,,,,,,,,,,,,
大剣,ケマスエスパダⅡ,0,0,0,0,0,140,0,抜刀術【力】,2,,,,,,,,,,,,,,,,,,,,,
大剣,ケマスエスパダⅢ,0,2,1,0,0,170,0,抜刀術【力】,2,,,,,,,,,,,,,,,,,,,,,
大剣,ケマスエスパダⅣ,0,3,2,0,0,210,0,抜刀術【力】,3,,,,,,,,,,,,,,,,,,,,,
大剣,炎尾大剣ブレイズデル,0,3,2,1,0,240,0,抜刀術【力】,3,,,,,,,,,,,,,,,,,,,,,
大剣,バスターソードⅠ,0,0,0,0,0,120,0,抜刀術【技】,1,,,,,,,,,,,,,,,,,,,,,
大剣,バスターソードⅡ,0,1,0,0,0,160,0,抜刀術【技】,2,,,,,,,,,,,,,,,,,,,,,
大剣,バスターソードⅢ,0,2,1,0,0,190,0,抜刀術【技】,3,,,,,,,,,,,,,,,,,,,,,
大剣,ブレイズブレイド,0,3,2,1,0,220,0,抜刀術【技】,3,,,,,,,,,,,,,,,,,,,,,
大剣,ダハ・タルバールⅠ,0,3,2,0,0,190,0,集中,2,,,,,,,,,,,,,,,,,,,,,
大剣,断崖のミダラム,0,3,2,1,0,210,0,集中,3,,,,,,,,,,,,,,,,,,,,,
大剣,アルラスウィングⅠ,0,1,0,0,0,160,0,達人芸,1,会心撃【属性】,1,,,,,,,,,,,,,,,,,,,
大剣,アルラスウィングⅡ,0,2,1,0,0,180,0,達人芸,1,会心撃【属性】,1,,,,,,,,,,,,,,,,,,,
大剣,白炎剣リオガルディア,0,3,2,1,0,210,0,達人芸,1,会心撃【属性】,1,,,,,,,,,,,,,,,,,,,
大剣,レッドウィングⅠ,0,2,1,0,0,180,0,超会心,3,,,,,,,,,,,,,,,,,,,,,
大剣,炎剣リオレウス,0,3,2,1,0,200,0,超会心,3,,,,,,,,,,,,,,,,,,,,,
大剣,ブロードブレイドⅠ,0,0,0,0,0,120,0,攻めの守勢,1,ガード性能,1,,,,,,,,,,,,,,,,,,,
大剣,ブロードブレイドⅡ,0,2,1,0,0,150,0,攻めの守勢,1,ガード性能,1,,,,,,,,,,,,,,,,,,,
大剣,ブロードブレイドⅢ,0,3,2,0,0,180,0,攻めの守勢,2,ガード性能,1,,,,,,,,,,,,,,,,,,,
大剣,ブロードブレイダー,0,3,2,1,0,200,0,攻めの守勢,2,ガード性能,1,,,,,,,,,,,,,,,,,,,
大剣,プライドofシャドウⅠ,0,3,2,1,0,180,0,会心撃【属性】,2,,,,,,,,,,,,,,,,,,,,,
大剣,プライドofダーク,0,3,2,1,0,210,0,会心撃【属性】,3,,,,,,,,,,,,,,,,,,,,,
大剣,ボーンブレイドⅠ,0,0,0,0,0,110,0,集中,1,,,,,,,,,,,,,,,,,,,,,
大剣,ボーンブレイドⅡ,0,0,0,0,0,130,0,集中,1,攻撃,1,,,,,,,,,,,,,,,,,,,
大剣,ボーンブレイドⅢ,0,1,0,0,0,170,0,集中,2,攻撃,1,,,,,,,,,,,,,,,,,,,
大剣,ボーンブレイドⅣ,0,2,1,0,0,200,0,集中,3,攻撃,1,,,,,,,,,,,,,,,,,,,
大剣,ボーンスラッシャー,0,3,2,1,0,230,0,集中,3,攻撃,1,,,,,,,,,,,,,,,,,,,
大剣,ヌ・ポリュプⅠ,0,1,0,0,0,170,0,剛刃研磨,2,砥石使用高速化,1,,,,,,,,,,,,,,,,,,,
大剣,ヌ・ポリュプⅡ,0,3,2,0,0,210,0,剛刃研磨,2,砥石使用高速化,2,,,,,,,,,,,,,,,,,,,
大剣,獄焔大剣ポリュプ,0,3,2,1,0,230,0,剛刃研磨,3,砥石使用高速化,2,,,,,,,,,,,,,,,,,,,
大剣,スローターⅠ,0,2,1,0,0,180,0,抜刀術【技】,1,抜刀術【力】,1,,,,,,,,,,,,,,,,,,,
大剣,スローターⅡ,0,2,1,0,0,200,0,抜刀術【技】,2,抜刀術【力】,1,,,,,,,,,,,,,,,,,,,
大剣,毒ノ王,0,3,2,1,0,230,0,抜刀術【技】,2,抜刀術【力】,2,,,,,,,,,,,,,,,,,,,
大剣,闢豪剣Ⅰ,0,0,0,0,0,140,0,抜刀術【力】,1,,,,,,,,,,,,,,,,,,,,,
大剣,闢豪剣Ⅱ,0,1,0,0,0,180,0,抜刀術【力】,2,,,,,,,,,,,,,,,,,,,,,
大剣,闢豪剣Ⅲ,0,2,1,0,0,210,0,抜刀術【力】,3,,,,,,,,,,,,,,,,,,,,,
大剣,護闢豪剣Ⅰ,0,1,1,0,0,180,0,集中,1,,,,,,,,,,,,,,,,,,,,,
大剣,護闢豪剣Ⅱ,0,2,1,1,0,220,0,集中,2,,,,,,,,,,,,,,,,,,,,,
大剣,護闢豪剣ガルグマコム,0,3,3,1,0,250,0,集中,2,,,,,,,,,,,,,,,,,,,,,
大剣,ヘレヴ＝アルジャナルⅠ,0,2,1,0,0,180,0,会心撃【属性】,2,,,,,,,,,,,,,,,,,,,,,
大剣,護雷大剣ヘレヴガルデ,0,3,2,1,0,210,0,会心撃【属性】,3,,,,,,,,,,,,,,,,,,,,,
大剣,ガルシュグラディオⅠ,0,1,1,0,0,170,0,集中,2,,,,,,,,,,,,,,,,,,,,,
大剣,ガルシュグラディオⅡ,0,2,2,0,0,210,0,集中,2,,,,,,,,,,,,,,,,,,,,,
大剣,護鎖刃大剣ガルラック,0,3,3,1,0,240,0,集中,2,,,,,,,,,,,,,,,,,,,,,
大剣,アルシュグラディオⅠ,0,3,2,0,0,200,0,集中,3,,,,,,,,,,,,,,,,,,,,,
大剣,レイトウカジキⅠ,0,0,0,0,0,150,0,抜刀術【力】,3,,,,,,,,,,,,,,,,,,,,,
大剣,レイトウカジキⅡ,0,2,0,0,0,180,0,抜刀術【力】,3,ＫＯ術,1,,,,,,,,,,,,,,,,,,,
大剣,レイトウ真カジキ,0,3,2,0,0,220,0,抜刀術【力】,3,ＫＯ術,2,,,,,,,,,,,,,,,,,,,
大剣,パルジーブレイドⅠ,0,0,0,0,0,90,0,砥石使用高速化,1,,,,,,,,,,,,,,,,,,,,,
大剣,パルジーブレイドⅡ,0,0,0,0,0,120,0,砥石使用高速化,2,,,,,,,,,,,,,,,,,,,,,
大剣,パルジーブレイドⅢ,0,2,1,1,0,150,0,砥石使用高速化,2,,,,,,,,,,,,,,,,,,,,,
大剣,パルジーブレイドⅣ,0,3,2,1,0,180,0,砥石使用高速化,2,,,,,,,,,,,,,,,,,,,,,
大剣,黒痺大剣パクサガート,0,3,3,1,0,200,0,砥石使用高速化,2,,,,,,,,,,,,,,,,,,,,,
大剣,アーティアブレイドⅠ,0,2,2,2,0,170,0,,,,,,,,,,,,,,,,,,,,,,,
大剣,アーティアブレイドⅡ,0,2,2,2,0,180,0,,,,,,,,,,,,,,,,,,,,,,,
大剣,ヴァリアンツァ,0,3,3,3,0,190,0,,,,,,,,,,,,,,,,,,,,,,,
大剣,エスペラブレイド,0,3,2,1,0,210,0,砥石使用高速化,2,見切り,2,,,,,,,,,,,,,,,,,,,
大剣,闢豪剣タンガンコム,0,3,2,1,0,240,0,抜刀術【力】,3,,,,,,,,,,,,,,,,,,,,,
大剣,鎖刃大剣ラモラック,0,3,2,1,0,220,0,集中,3,,,,,,,,,,,,,,,,,,,,,
大剣,アギトⅠ,0,2,1,0,0,200,0,集中,2,剛刃研磨,2,,,,,,,,,,,,,,,,,,,
大剣,オオアギト,0,3,2,1,0,240,0,集中,2,剛刃研磨,2,,,,,,,,,,,,,,,,,,,
太刀,ホープエッジⅠ,0,0,0,0,0,90,0,,,,,,,,,,,,,,,,,,,,,,,
太刀,ホープエッジⅡ,0,0,0,0,0,100,0,砥石使用高速化,1,,,,,,,,,,,,,,,,,,,,,
太刀,ホープエッジⅢ,0,0,0,0,0,130,0,砥石使用高速化,1,見切り,1,,,,,,,,,,,,,,,,,,,
太刀,ホープエッジⅣ,0,2,1,0,0,160,0,砥石使用高速化,2,見切り,1,,,,,,,,,,,,,,,,,,,
太刀,ホープエッジⅤ,0,3,2,0,0,190,0,砥石使用高速化,2,見切り,1,,,,,,,,,,,,,,,,,,,
太刀,レ・トニトゥラⅠ,0,0,0,0,0,140,0,集中,1,抜刀術【力】,1,,,,,,,,,,,,,,,,,,,
太刀,レ・トニトゥラⅡ,0,2,1,0,0,170,0,集中,1,抜刀術【力】,1,,,,,,,,,,,,,,,,,,,
太刀,レ・トニトゥラⅢ,0,3,2,0,0,200,0,集中,2,抜刀術【力】,1,,,,,,,,,,,,,,,,,,,
太刀,煌雷刀トニトゥラ,0,3,2,1,0,220,0,集中,2,抜刀術【力】,1,,,,,,,,,,,,,,,,,,,
太刀,スティールofファクトⅠ,0,3,2,0,0,180,0,会心撃【属性】,3,,,,,,,,,,,,,,,,,,,,,
太刀,スティールofロウ,0,3,2,1,0,210,0,会心撃【属性】,3,,,,,,,,,,,,,,,,,,,,,
太刀,ウズ・クルンダⅠ,0,0,0,0,0,160,0,強化持続,2,,,,,,,,,,,,,,,,,,,,,
太刀,ウズ・クルンダⅡ,0,2,1,0,0,190,0,強化持続,2,,,,,,,,,,,,,,,,,,,,,
太刀,ウズ・クルンダⅢ,0,3,2,0,0,220,0,強化持続,3,,,,,,,,,,,,,,,,,,,,,
太刀,波濤刀クルンダ,0,3,2,1,0,240,0,強化持続,3,,,,,,,,,,,,,,,,,,,,,
太刀,風鉤刀Ⅰ,0,0,0,0,0,140,0,集中,2,飛燕,1,,,,,,,,,,,,,,,,,,,
太刀,風鉤刀Ⅱ,0,2,1,0,0,170,0,集中,2,飛燕,1,,,,,,,,,,,,,,,,,,,
太刀,風鉤刀Ⅲ,0,3,2,0,0,200,0,集中,3,飛燕,1,,,,,,,,,,,,,,,,,,,
太刀,風鉤刀キリバミ,0,3,2,1,0,220,0,集中,3,飛燕,1,,,,,,,,,,,,,,,,,,,
太刀,ケマスリーマⅠ,0,0,0,0,0,100,0,抜刀術【力】,1,,,,,,,,,,,,,,,,,,,,,
太刀,ケマスリーマⅡ,0,0,0,0,0,140,0,抜刀術【力】,2,,,,,,,,,,,,,,,,,,,,,
太刀,ケマスリーマⅢ,0,2,1,0,0,170,0,抜刀術【力】,2,,,,,,,,,,,,,,,,,,,,,
太刀,ケマスリーマⅣ,0,3,2,0,0,210,0,抜刀術【力】,3,,,,,,,,,,,,,,,,,,,,,
太刀,炎尾鑢フェロセラ,0,3,2,1,0,230,0,抜刀術【力】,3,,,,,,,,,,,,,,,,,,,,,
太刀,鉄刀Ⅰ,0,0,0,0,0,120,0,抜刀術【技】,1,,,,,,,,,,,,,,,,,,,,,
太刀,鉄刀Ⅱ,0,1,0,0,0,160,0,抜刀術【技】,2,,,,,,,,,,,,,,,,,,,,,
太刀,鉄刀Ⅲ,0,2,1,0,0,190,0,抜刀術【技】,3,,,,,,,,,,,,,,,,,,,,,
太刀,鉄鋸刀,0,3,2,1,0,220,0,抜刀術【技】,3,,,,,,,,,,,,,,,,,,,,,
太刀,飛竜刀【白】Ⅰ,0,1,0,0,0,160,0,達人芸,1,会心撃【属性】,1,,,,,,,,,,,,,,,,,,,
太刀,飛竜刀【白】Ⅱ,0,2,1,0,0,180,0,達人芸,1,会心撃【属性】,1,,,,,,,,,,,,,,,,,,,
太刀,飛竜刀【百合】,0,3,2,1,0,210,0,達人芸,1,会心撃【属性】,1,,,,,,,,,,,,,,,,,,,
太刀,飛竜刀【朱】Ⅰ,0,2,1,0,0,180,0,超会心,3,,,,,,,,,,,,,,,,,,,,,
太刀,飛竜刀【楓】,0,3,2,1,0,200,0,超会心,3,,,,,,,,,,,,,,,,,,,,,
太刀,飛竜刀【翠】Ⅰ,0,2,1,0,0,160,0,会心撃【特殊】,2,毒ダメージ強化,1,,,,,,,,,,,,,,,,,,,
太刀,飛竜刀【翠】Ⅱ,0,3,2,0,0,190,0,会心撃【特殊】,3,毒ダメージ強化,1,,,,,,,,,,,,,,,,,,,
太刀,飛竜刀【葵】,0,3,2,1,0,210,0,会心撃【特殊】,3,毒ダメージ強化,1,,,,,,,,,,,,,,,,,,,
太刀,ラバラ・グレブⅠ,0,0,0,0,0,100,0,抜刀術【技】,1,,,,,,,,,,,,,,,,,,,,,
太刀,ラバラ・グレブⅡ,0,0,0,0,0,120,0,抜刀術【技】,1,会心撃【特殊】,1,,,,,,,,,,,,,,,,,,,
太刀,ラバラ・グレブⅢ,0,2,1,0,0,150,0,抜刀術【技】,1,会心撃【特殊】,1,,,,,,,,,,,,,,,,,,,
太刀,ラバラ・グレブⅣ,0,3,2,0,0,180,0,抜刀術【技】,2,会心撃【特殊】,1,,,,,,,,,,,,,,,,,,,
太刀,刺花刀オルニトクス,0,3,2,1,0,200,0,抜刀術【技】,2,会心撃【特殊】,1,,,,,,,,,,,,,,,,,,,
太刀,クライブラッドⅠ,0,0,0,0,0,120,0,強化持続,2,,,,,,,,,,,,,,,,,,,,,
太刀,クライブラッドⅡ,0,2,1,0,0,150,0,強化持続,2,,,,,,,,,,,,,,,,,,,,,
太刀,クライブラッドⅢ,0,3,2,0,0,180,0,強化持続,3,,,,,,,,,,,,,,,,,,,,,
太刀,スクリームブラッド,0,3,2,1,0,200,0,強化持続,3,,,,,,,,,,,,,,,,,,,,,
太刀,ボーンショテルⅠ,0,0,0,0,0,110,0,集中,1,,,,,,,,,,,,,,,,,,,,,
太刀,ボーンショテルⅡ,0,0,0,0,0,130,0,集中,1,攻撃,1,,,,,,,,,,,,,,,,,,,
太刀,ボーンショテルⅢ,0,1,0,0,0,170,0,集中,2,攻撃,1,,,,,,,,,,,,,,,,,,,
太刀,ボーンショテルⅣ,0,2,1,0,0,200,0,集中,3,攻撃,1,,,,,,,,,,,,,,,,,,,
太刀,ハードボーンショテル,0,3,2,1,0,230,0,集中,3,攻撃,1,,,,,,,,,,,,,,,,,,,
太刀,モルダ＝アルジャナルⅠ,0,2,1,0,0,180,0,会心撃【属性】,3,,,,,,,,,,,,,,,,,,,,,
太刀,護雷牙刀モルダガルデ,0,3,2,1,0,210,0,会心撃【属性】,3,,,,,,,,,,,,,,,,,,,,,
太刀,ププロハッカーⅠ,0,0,0,0,0,140,0,強化持続,2,,,,,,,,,,,,,,,,,,,,,
太刀,ププロハッカーⅡ,0,2,1,0,0,170,0,強化持続,2,,,,,,,,,,,,,,,,,,,,,
太刀,ププロハッカーⅢ,0,3,2,0,0,200,0,強化持続,3,,,,,,,,,,,,,,,,,,,,,
太刀,ププロ鋸マイトト,0,3,2,1,0,220,0,強化持続,3,,,,,,,,,,,,,,,,,,,,,
太刀,闢蛮刀Ⅰ,0,0,0,0,0,140,0,抜刀術【力】,1,,,,,,,,,,,,,,,,,,,,,
太刀,闢蛮刀Ⅱ,0,1,0,0,0,180,0,抜刀術【力】,2,,,,,,,,,,,,,,,,,,,,,
太刀,闢蛮刀Ⅲ,0,2,1,0,0,210,0,抜刀術【力】,3,,,,,,,,,,,,,,,,,,,,,
太刀,ブランベルジュⅠ,0,2,1,0,0,200,0,抜刀術【技】,3,,,,,,,,,,,,,,,,,,,,,
太刀,ドドブランベルジュ,0,3,2,1,0,230,0,抜刀術【技】,3,,,,,,,,,,,,,,,,,,,,,
太刀,護闢蛮刀Ⅰ,0,1,0,0,0,180,0,強化持続,2,,,,,,,,,,,,,,,,,,,,,
太刀,護闢蛮刀Ⅱ,0,2,1,0,0,220,0,強化持続,3,,,,,,,,,,,,,,,,,,,,,
太刀,護闢蛮刀ガルグマムシ,0,3,2,1,0,250,0,強化持続,3,,,,,,,,,,,,,,,,,,,,,
太刀,ガルシュエンシスⅠ,0,1,1,0,0,170,0,集中,2,,,,,,,,,,,,,,,,,,,,,
太刀,ガルシュエンシスⅡ,0,2,2,0,0,210,0,集中,2,,,,,,,,,,,,,,,,,,,,,
太刀,護鎖刃刀ガルシュロー,0,3,3,1,0,240,0,集中,2,,,,,,,,,,,,,,,,,,,,,
太刀,アルシュエンシスⅠ,0,3,2,0,0,200,0,集中,3,,,,,,,,,,,,,,,,,,,,,
太刀,アーティアセイバーⅠ,0,2,2,2,0,170,0,,,,,,,,,,,,,,,,,,,,,,,
太刀,アーティアセイバーⅡ,0,2,2,2,0,180,0,,,,,,,,,,,,,,,,,,,,,,,
太刀,ディメンシオ,0,3,3,3,0,190,0,,,,,,,,,,,,,,,,,,,,,,,
太刀,エスペラエッジ,0,3,2,1,0,210,0,砥石使用高速化,2,見切り,2,,,,,,,,,,,,,,,,,,,
太刀,闢蛮刀キムカエムシ,0,3,2,1,0,240,0,抜刀術【力】,3,,,,,,,,,,,,,,,,,,,,,
太刀,鎖刃刀ランスロー,0,3,2,1,0,220,0,集中,3,,,,,,,,,,,,,,,,,,,,,
片手剣,ホープソードⅠ,0,0,0,0,0,90,0,,,,,,,,,,,,,,,,,,,,,,,
片手剣,ホープソードⅡ,0,0,0,0,0,100,0,砥石使用高速化,1,,,,,,,,,,,,,,,,,,,,,
片手剣,ホープソードⅢ,0,0,0,0,0,130,0,砥石使用高速化,1,見切り,1,,,,,,,,,,,,,,,,,,,
片手剣,ホープソードⅣ,0,2,1,0,0,160,0,砥石使用高速化,2,見切り,1,,,,,,,,,,,,,,,,,,,
片手剣,ホープソードⅤ,0,3,2,0,0,190,0,砥石使用高速化,2,見切り,1,,,,,,,,,,,,,,,,,,,
片手剣,レ・グクルトスⅠ,0,0,0,0,0,140,0,ガード性能,1,攻めの守勢,1,,,,,,,,,,,,,,,,,,,
片手剣,レ・グクルトスⅡ,0,2,1,0,0,170,0,ガード性能,1,攻めの守勢,1,,,,,,,,,,,,,,,,,,,
片手剣,レ・グクルトスⅢ,0,3,2,0,0,200,0,ガード性能,2,攻めの守勢,1,,,,,,,,,,,,,,,,,,,
片手剣,煌雷剣グクルトス,0,3,2,1,0,220,0,ガード性能,2,攻めの守勢,1,,,,,,,,,,,,,,,,,,,
片手剣,アンクofチェッカーⅠ,0,3,2,0,0,180,0,会心撃【属性】,3,,,,,,,,,,,,,,,,,,,,,
片手剣,アンクofサーチャー,0,3,2,1,0,210,0,会心撃【属性】,3,,,,,,,,,,,,,,,,,,,,,
片手剣,ラバラ・ダーゲⅠ,0,0,0,0,0,100,0,抜刀術【技】,1,,,,,,,,,,,,,,,,,,,,,
片手剣,ラバラ・ダーゲⅡ,0,0,0,0,0,120,0,抜刀術【技】,1,会心撃【特殊】,1,,,,,,,,,,,,,,,,,,,
片手剣,ラバラ・ダーゲⅢ,0,2,1,0,0,150,0,抜刀術【技】,1,会心撃【特殊】,1,,,,,,,,,,,,,,,,,,,
片手剣,ラバラ・ダーゲⅣ,0,3,2,0,0,180,0,抜刀術【技】,2,会心撃【特殊】,1,,,,,,,,,,,,,,,,,,,
片手剣,刺花剣アカトペルマ,0,3,2,1,0,200,0,抜刀術【技】,2,会心撃【特殊】,1,,,,,,,,,,,,,,,,,,,
片手剣,ケマスクチーロⅠ,0,0,0,0,0,100,0,攻めの守勢,1,,,,,,,,,,,,,,,,,,,,,
片手剣,ケマスクチーロⅡ,0,0,0,0,0,140,0,攻めの守勢,2,,,,,,,,,,,,,,,,,,,,,
片手剣,ケマスクチーロⅢ,0,2,1,0,0,170,0,攻めの守勢,2,,,,,,,,,,,,,,,,,,,,,
片手剣,ケマスクチーロⅣ,0,3,2,0,0,210,0,攻めの守勢,3,,,,,,,,,,,,,,,,,,,,,
片手剣,炎尾剣フォルナクス,0,3,2,1,0,240,0,攻めの守勢,3,,,,,,,,,,,,,,,,,,,,,
片手剣,グラビドサイフォスⅠ,0,2,2,0,0,210,0,ガード強化,3,,,,,,,,,,,,,,,,,,,,,
片手剣,重剣タイタン,0,3,3,1,0,240,0,ガード強化,3,,,,,,,,,,,,,,,,,,,,,
片手剣,鉄剣ジュネスⅠ,0,0,0,0,0,120,0,ガード性能,1,,,,,,,,,,,,,,,,,,,,,
片手剣,鉄剣ジュネスⅡ,0,1,0,0,0,160,0,ガード性能,2,,,,,,,,,,,,,,,,,,,,,
片手剣,鉄剣ジュネスⅢ,0,2,1,0,0,190,0,ガード性能,3,,,,,,,,,,,,,,,,,,,,,
片手剣,重鉄剣フロシオン,0,3,2,1,0,220,0,ガード性能,3,,,,,,,,,,,,,,,,,,,,,
片手剣,ダハ・ガダⅠ,0,3,2,0,0,190,0,ガード性能,3,,,,,,,,,,,,,,,,,,,,,
片手剣,断崖のマテプトロ,0,3,2,1,0,210,0,ガード性能,3,,,,,,,,,,,,,,,,,,,,,
片手剣,アルラスエッジⅠ,0,1,0,0,0,160,0,達人芸,1,会心撃【属性】,1,,,,,,,,,,,,,,,,,,,
片手剣,アルラスエッジⅡ,0,2,1,0,0,180,0,達人芸,1,会心撃【属性】,1,,,,,,,,,,,,,,,,,,,
片手剣,メルト,0,3,2,1,0,210,0,達人芸,1,会心撃【属性】,1,,,,,,,,,,,,,,,,,,,
片手剣,ヒートエッジⅠ,0,2,1,0,0,180,0,超会心,3,,,,,,,,,,,,,,,,,,,,,
片手剣,コロナ,0,3,2,1,0,200,0,超会心,3,,,,,,,,,,,,,,,,,,,,,
片手剣,プリンセスレイピアⅠ,0,2,1,0,0,160,0,会心撃【特殊】,2,毒ダメージ強化,1,,,,,,,,,,,,,,,,,,,
片手剣,プリンセスレイピアⅡ,0,3,2,0,0,190,0,会心撃【特殊】,3,毒ダメージ強化,1,,,,,,,,,,,,,,,,,,,
片手剣,クイーンレイピア,0,3,2,1,0,210,0,会心撃【特殊】,3,毒ダメージ強化,1,,,,,,,,,,,,,,,,,,,
片手剣,スケイルソードⅠ,0,0,0,0,0,120,0,ガード性能,2,,,,,,,,,,,,,,,,,,,,,
片手剣,スケイルソードⅡ,0,2,1,0,0,150,0,ガード性能,2,,,,,,,,,,,,,,,,,,,,,
片手剣,スケイルソードⅢ,0,3,2,0,0,180,0,ガード性能,3,,,,,,,,,,,,,,,,,,,,,
片手剣,ネルスパーダ,0,3,2,1,0,200,0,ガード性能,3,,,,,,,,,,,,,,,,,,,,,
片手剣,バーラブレイドⅠ,0,0,0,0,0,110,0,攻めの守勢,1,,,,,,,,,,,,,,,,,,,,,
片手剣,バーラブレイドⅡ,0,1,0,0,0,150,0,攻めの守勢,2,,,,,,,,,,,,,,,,,,,,,
片手剣,バーラブレイドⅢ,0,2,1,0,0,160,0,攻めの守勢,2,,,,,,,,,,,,,,,,,,,,,
片手剣,バーラブレイドⅣ,0,3,2,0,0,190,0,攻めの守勢,3,,,,,,,,,,,,,,,,,,,,,
片手剣,沙海剣カトヌカドゥ,0,3,2,1,0,210,0,攻めの守勢,3,,,,,,,,,,,,,,,,,,,,,
片手剣,ボーンククリⅠ,0,0,0,0,0,110,0,スタミナ奪取,1,,,,,,,,,,,,,,,,,,,,,
片手剣,ボーンククリⅡ,0,0,0,0,0,130,0,スタミナ奪取,1,攻撃,1,,,,,,,,,,,,,,,,,,,
片手剣,ボーンククリⅢ,0,1,0,0,0,170,0,スタミナ奪取,2,攻撃,1,,,,,,,,,,,,,,,,,,,
片手剣,ボーンククリⅣ,0,2,1,0,0,200,0,スタミナ奪取,3,攻撃,1,,,,,,,,,,,,,,,,,,,
片手剣,チーフククリ,0,3,2,1,0,230,0,スタミナ奪取,3,攻撃,1,,,,,,,,,,,,,,,,,,,
片手剣,シーカ＝アルジャナルⅠ,0,2,1,0,0,180,0,会心撃【属性】,3,,,,,,,,,,,,,,,,,,,,,
片手剣,護雷剣シーカガルデ,0,3,2,1,0,210,0,会心撃【属性】,3,,,,,,,,,,,,,,,,,,,,,
片手剣,ヴェノムベインⅠ,0,2,1,0,0,180,0,抜刀術【力】,2,抜刀術【技】,1,,,,,,,,,,,,,,,,,,,
片手剣,ヴェノムベインⅡ,0,2,1,0,0,200,0,抜刀術【力】,2,抜刀術【技】,2,,,,,,,,,,,,,,,,,,,
片手剣,デスヴェノムサーベル,0,3,3,1,0,230,0,抜刀術【力】,3,抜刀術【技】,2,,,,,,,,,,,,,,,,,,,
片手剣,赫炎の護剣Ⅰ,0,0,0,0,0,130,0,攻めの守勢,2,,,,,,,,,,,,,,,,,,,,,
片手剣,赫炎の護剣Ⅱ,0,2,1,0,0,180,0,攻めの守勢,3,,,,,,,,,,,,,,,,,,,,,
片手剣,赫炎護剣スヴィンダ,0,3,2,1,0,210,0,攻めの守勢,3,,,,,,,,,,,,,,,,,,,,,
片手剣,雪白のジャンビーヤⅠ,0,2,1,0,0,200,0,抜刀術【技】,2,攻めの守勢,1,,,,,,,,,,,,,,,,,,,
片手剣,獅子のジャンビーヤ,0,3,2,1,0,230,0,抜刀術【技】,2,攻めの守勢,1,,,,,,,,,,,,,,,,,,,
片手剣,チャタクラブⅠ,0,0,0,0,0,110,0,ガード性能,1,,,,,,,,,,,,,,,,,,,,,
片手剣,チャタクラブⅡ,0,0,0,0,0,150,0,ガード性能,2,,,,,,,,,,,,,,,,,,,,,
片手剣,チャタクラブⅢ,0,2,1,0,0,180,0,ガード性能,2,,,,,,,,,,,,,,,,,,,,,
片手剣,チャタクラブⅣ,0,3,2,0,0,210,0,ガード性能,2,ガード強化,1,,,,,,,,,,,,,,,,,,,
片手剣,虚無の剣Ⅰ,0,1,0,0,0,160,0,ガード性能,2,,,,,,,,,,,,,,,,,,,,,
片手剣,虚無の剣Ⅱ,0,2,1,0,0,190,0,ガード性能,3,,,,,,,,,,,,,,,,,,,,,
片手剣,暗彎刀コルディアル,0,3,2,1,0,220,0,ガード性能,3,,,,,,,,,,,,,,,,,,,,,
片手剣,ガルシュムークロⅠ,0,1,1,0,0,170,0,ガード性能,2,,,,,,,,,,,,,,,,,,,,,
片手剣,ガルシュムークロⅡ,0,2,2,0,0,210,0,ガード性能,2,,,,,,,,,,,,,,,,,,,,,
片手剣,護鎖刃剣ガルトリウス,0,3,3,1,0,240,0,ガード性能,2,,,,,,,,,,,,,,,,,,,,,
片手剣,アルシュムークロⅠ,0,3,2,0,0,200,0,ガード性能,3,,,,,,,,,,,,,,,,,,,,,
片手剣,アーティアソードⅠ,0,2,2,2,0,170,0,,,,,,,,,,,,,,,,,,,,,,,
片手剣,アーティアソードⅡ,0,2,2,2,0,180,0,,,,,,,,,,,,,,,,,,,,,,,
片手剣,ヴェルドロート,0,3,3,3,0,190,0,,,,,,,,,,,,,,,,,,,,,,,
片手剣,エスペラソード,0,3,2,1,0,210,0,砥石使用高速化,2,見切り,2,,,,,,,,,,,,,,,,,,,
片手剣,纏剣カータトルァ,0,3,2,1,0,230,0,ガード性能,3,ガード強化,1,,,,,,,,,,,,,,,,,,,
片手剣,鎖刃剣アルトリウス,0,3,2,1,0,220,0,ガード性能,3,,,,,,,,,,,,,,,,,,,,,
双剣,ホープダガーⅠ,0,0,0,0,0,90,0,,,,,,,,,,,,,,,,,,,,,,,
双剣,ホープダガーⅡ,0,0,0,0,0,100,0,砥石使用高速化,1,,,,,,,,,,,,,,,,,,,,,
双剣,ホープダガーⅢ,0,0,0,0,0,130,0,砥石使用高速化,1,見切り,1,,,,,,,,,,,,,,,,,,,
双剣,ホープダガーⅣ,0,2,1,0,0,160,0,砥石使用高速化,2,見切り,1,,,,,,,,,,,,,,,,,,,
双剣,ホープダガーⅤ,0,3,2,0,0,190,0,砥石使用高速化,2,見切り,1,,,,,,,,,,,,,,,,,,,
双剣,ボーンハチェットⅠ,0,0,0,0,0,110,0,集中,1,,,,,,,,,,,,,,,,,,,,,
双剣,ボーンハチェットⅡ,0,0,0,0,0,130,0,集中,1,攻撃,1,,,,,,,,,,,,,,,,,,,
双剣,ボーンハチェットⅢ,0,1,0,0,0,170,0,集中,2,攻撃,1,,,,,,,,,,,,,,,,,,,
双剣,ボーンハチェットⅣ,0,2,1,0,0,200,0,集中,3,攻撃,1,,,,,,,,,,,,,,,,,,,
双剣,ワイルドハチェット,0,3,2,1,0,230,0,集中,3,攻撃,1,,,,,,,,,,,,,,,,,,,
双剣,デュアルトマホークⅠ,0,0,0,0,0,120,0,強化持続,1,,,,,,,,,,,,,,,,,,,,,
双剣,デュアルトマホークⅡ,0,1,0,0,0,160,0,強化持続,2,,,,,,,,,,,,,,,,,,,,,
双剣,デュアルトマホークⅢ,0,2,1,0,0,190,0,強化持続,3,,,,,,,,,,,,,,,,,,,,,
双剣,デュアルハーケン,0,3,2,1,0,220,0,強化持続,3,,,,,,,,,,,,,,,,,,,,,
双剣,ケマスシレックスⅠ,0,0,0,0,0,100,0,集中,1,,,,,,,,,,,,,,,,,,,,,
双剣,ケマスシレックスⅡ,0,0,0,0,0,140,0,集中,2,,,,,,,,,,,,,,,,,,,,,
双剣,ケマスシレックスⅢ,0,2,1,0,0,170,0,集中,2,,,,,,,,,,,,,,,,,,,,,
双剣,ケマスシレックスⅣ,0,3,2,0,0,210,0,集中,3,,,,,,,,,,,,,,,,,,,,,
双剣,炎尾双刃マグネシア,0,3,2,1,0,240,0,集中,3,,,,,,,,,,,,,,,,,,,,,
双剣,ラバラ・フーシェⅠ,0,0,0,0,0,100,0,抜刀術【技】,1,,,,,,,,,,,,,,,,,,,,,
双剣,ラバラ・フーシェⅡ,0,0,0,0,0,120,0,抜刀術【技】,1,会心撃【特殊】,1,,,,,,,,,,,,,,,,,,,
双剣,ラバラ・フーシェⅢ,0,2,1,0,0,150,0,抜刀術【技】,1,会心撃【特殊】,1,,,,,,,,,,,,,,,,,,,
双剣,ラバラ・フーシェⅣ,0,3,2,0,0,180,0,抜刀術【技】,2,会心撃【特殊】,1,,,,,,,,,,,,,,,,,,,
双剣,刺花双鎌ハルパクティ,0,3,2,1,0,200,0,抜刀術【技】,2,会心撃【特殊】,1,,,,,,,,,,,,,,,,,,,
双剣,ピンクボンボンⅠ,0,0,0,0,0,120,0,抜刀術【力】,1,抜刀術【技】,1,,,,,,,,,,,,,,,,,,,
双剣,ピンクボンボンⅡ,0,2,1,0,0,170,0,抜刀術【力】,2,抜刀術【技】,1,,,,,,,,,,,,,,,,,,,
双剣,ファンキーボンボン,0,3,3,1,0,220,0,抜刀術【力】,3,抜刀術【技】,2,,,,,,,,,,,,,,,,,,,
双剣,闢乱刃Ⅰ,0,0,0,0,0,140,0,強化持続,1,,,,,,,,,,,,,,,,,,,,,
双剣,闢乱刃Ⅱ,0,1,0,0,0,180,0,強化持続,2,,,,,,,,,,,,,,,,,,,,,
双剣,闢乱刃Ⅲ,0,2,2,0,0,210,0,強化持続,2,,,,,,,,,,,,,,,,,,,,,
双剣,ウズ・ヌガルパツⅠ,0,0,0,0,0,160,0,強化持続,2,,,,,,,,,,,,,,,,,,,,,
双剣,ウズ・ヌガルパツⅡ,0,2,1,0,0,190,0,強化持続,2,,,,,,,,,,,,,,,,,,,,,
双剣,ウズ・ヌガルパツⅢ,0,3,2,0,0,220,0,強化持続,3,,,,,,,,,,,,,,,,,,,,,
双剣,波濤双棍ヌガルパツ,0,3,2,1,0,240,0,強化持続,3,,,,,,,,,,,,,,,,,,,,,
双剣,赫炎の双刃Ⅰ,0,0,0,0,0,130,0,強化持続,2,,,,,,,,,,,,,,,,,,,,,
双剣,赫炎の双刃Ⅱ,0,2,1,0,0,180,0,強化持続,3,,,,,,,,,,,,,,,,,,,,,
双剣,赫炎双刃パンタカ,0,3,2,1,0,210,0,強化持続,3,,,,,,,,,,,,,,,,,,,,,
双剣,護闢乱刃Ⅰ,0,1,0,0,0,180,0,集中,2,,,,,,,,,,,,,,,,,,,,,
双剣,護闢乱刃Ⅱ,0,2,2,0,0,220,0,集中,2,,,,,,,,,,,,,,,,,,,,,
双剣,護闢乱刃ガルグマトラ,0,3,3,1,0,250,0,集中,2,,,,,,,,,,,,,,,,,,,,,
双剣,ツインアルラスⅠ,0,1,0,0,0,160,0,達人芸,1,会心撃【属性】,1,,,,,,,,,,,,,,,,,,,
双剣,ツインアルラスⅡ,0,2,1,0,0,180,0,達人芸,1,会心撃【属性】,1,,,,,,,,,,,,,,,,,,,
双剣,双剣リュウノマモリテ,0,3,2,1,0,210,0,達人芸,1,会心撃【属性】,1,,,,,,,,,,,,,,,,,,,
双剣,ダハ・チャクーⅠ,0,3,2,0,0,190,0,集中,3,,,,,,,,,,,,,,,,,,,,,
双剣,断崖のウルグァム,0,3,2,1,0,210,0,集中,3,,,,,,,,,,,,,,,,,,,,,
双剣,異界の鎖鎌Ⅰ,0,1,0,0,0,140,0,強化持続,2,,,,,,,,,,,,,,,,,,,,,
双剣,異界の鎖鎌Ⅱ,0,2,1,0,0,170,0,強化持続,3,,,,,,,,,,,,,,,,,,,,,
双剣,遺却【オブリビオン】,0,3,2,1,0,210,0,強化持続,3,,,,,,,,,,,,,,,,,,,,,
双剣,ガルシュハルプⅠ,0,1,1,0,0,170,0,集中,2,,,,,,,,,,,,,,,,,,,,,
双剣,ガルシュハルプⅡ,0,2,2,0,0,210,0,集中,2,,,,,,,,,,,,,,,,,,,,,
双剣,護鎖刃双剣ガルウェン,0,3,3,1,0,240,0,集中,2,,,,,,,,,,,,,,,,,,,,,
双剣,クックツインズⅠ,0,2,1,0,0,180,0,強化持続,2,,,,,,,,,,,,,,,,,,,,,
双剣,クックツインズⅡ,0,3,2,0,0,210,0,強化持続,3,,,,,,,,,,,,,,,,,,,,,
双剣,双刃イャンクック,0,3,2,1,0,220,0,強化持続,3,,,,,,,,,,,,,,,,,,,,,
双剣,デュアルタバルジンⅠ,0,2,1,0,0,180,0,強化持続,2,,,,,,,,,,,,,,,,,,,,,
双剣,デュアルタバルジンⅡ,0,2,1,0,0,200,0,強化持続,3,,,,,,,,,,,,,,,,,,,,,
双剣,ラストタバルジン,0,3,2,1,0,230,0,強化持続,3,,,,,,,,,,,,,,,,,,,,,
双剣,トルネ＝アルジャナルⅠ,0,2,1,0,0,180,0,会心撃【属性】,3,,,,,,,,,,,,,,,,,,,,,
双剣,護雷爪トルネガルデ,0,3,2,1,0,210,0,会心撃【属性】,3,,,,,,,,,,,,,,,,,,,,,
双剣,白猿釵Ⅰ,0,2,1,0,0,200,0,強化持続,3,,,,,,,,,,,,,,,,,,,,,
双剣,白猿釵【ドド】,0,3,2,1,0,230,0,強化持続,3,,,,,,,,,,,,,,,,,,,,,
双剣,グラビドウォーリアⅠ,0,2,1,0,0,210,0,集中,3,,,,,,,,,,,,,,,,,,,,,
双剣,グラビドブレイヴァー,0,3,2,1,0,240,0,集中,3,,,,,,,,,,,,,,,,,,,,,
双剣,ツインフレイムⅠ,0,2,1,0,0,180,0,超会心,3,,,,,,,,,,,,,,,,,,,,,
双剣,双剣リュウノツガイ,0,3,2,1,0,200,0,超会心,3,,,,,,,,,,,,,,,,,,,,,
双剣,クロウofリッパーⅠ,0,3,2,0,0,180,0,会心撃【属性】,3,,,,,,,,,,,,,,,,,,,,,
双剣,クロウofハンガー,0,3,2,1,0,200,0,会心撃【属性】,3,,,,,,,,,,,,,,,,,,,,,
双剣,アルシュハルプⅠ,0,3,2,0,0,200,0,集中,3,,,,,,,,,,,,,,,,,,,,,
双剣,ギルドナイトセーバーⅠ,0,1,0,0,0,130,0,集中,2,,,,,,,,,,,,,,,,,,,,,
双剣,ギルドナイトセーバーⅡ,0,3,2,0,0,160,0,集中,3,,,,,,,,,,,,,,,,,,,,,
双剣,マスターセーバー,0,3,2,1,0,200,0,集中,3,,,,,,,,,,,,,,,,,,,,,
双剣,エスペラダガー,0,3,2,1,0,210,0,砥石使用高速化,2,見切り,2,,,,,,,,,,,,,,,,,,,
双剣,アーティアエッジⅠ,0,2,2,2,0,170,0,,,,,,,,,,,,,,,,,,,,,,,
双剣,アーティアエッジⅡ,0,2,2,2,0,180,0,,,,,,,,,,,,,,,,,,,,,,,
双剣,ティルトクライス,0,3,3,3,0,190,0,,,,,,,,,,,,,,,,,,,,,,,
双剣,闢乱刃ザンバストラ,0,3,3,1,0,240,0,強化持続,2,,,,,,,,,,,,,,,,,,,,,
双剣,鎖刃双剣イウェイン,0,3,2,1,0,220,0,集中,3,,,,,,,,,,,,,,,,,,,,,
ハンマー,ホープハンマーⅠ,0,0,0,0,0,90,0,,,,,,,,,,,,,,,,,,,,,,,
ハンマー,ホープハンマーⅡ,0,0,0,0,0,100,0,砥石使用高速化,1,,,,,,,,,,,,,,,,,,,,,
ハンマー,ホープハンマーⅢ,0,0,0,0,0,130,0,砥石使用高速化,1,見切り,1,,,,,,,,,,,,,,,,,,,
ハンマー,ホープハンマーⅣ,0,2,1,0,0,160,0,砥石使用高速化,2,見切り,1,,,,,,,,,,,,,,,,,,,
ハンマー,ホープハンマーⅤ,0,3,2,0,0,190,0,砥石使用高速化,2,見切り,1,,,,,,,,,,,,,,,,,,,
ハンマー,ロックボーンⅠ,0,0,0,0,0,110,0,集中,1,,,,,,,,,,,,,,,,,,,,,
ハンマー,ロックボーンⅡ,0,0,0,0,0,130,0,集中,2,攻撃,1,,,,,,,,,,,,,,,,,,,
ハンマー,ロックボーンⅢ,0,1,0,0,0,170,0,集中,2,攻撃,1,,,,,,,,,,,,,,,,,,,
ハンマー,ロックボーンⅣ,0,2,1,0,0,200,0,集中,3,攻撃,1,,,,,,,,,,,,,,,,,,,
ハンマー,ヘヴィロックボーン,0,3,2,1,0,230,0,集中,3,攻撃,1,,,,,,,,,,,,,,,,,,,
ハンマー,アイアンハンマーⅠ,0,0,0,0,0,120,0,抜刀術【技】,1,,,,,,,,,,,,,,,,,,,,,
ハンマー,アイアンハンマーⅡ,0,1,0,0,0,160,0,抜刀術【技】,2,,,,,,,,,,,,,,,,,,,,,
ハンマー,アイアンハンマーⅢ,0,2,1,0,0,190,0,抜刀術【技】,2,,,,,,,,,,,,,,,,,,,,,
ハンマー,鬼鉄,0,3,2,1,0,220,0,抜刀術【技】,3,,,,,,,,,,,,,,,,,,,,,
ハンマー,チャタハンマーⅠ,0,0,0,0,0,110,0,溜打強化,1,,,,,,,,,,,,,,,,,,,,,
ハンマー,チャタハンマーⅡ,0,0,0,0,0,150,0,溜打強化,1,スタミナ奪取,1,,,,,,,,,,,,,,,,,,,
ハンマー,チャタハンマーⅢ,0,2,1,0,0,180,0,溜打強化,1,スタミナ奪取,1,,,,,,,,,,,,,,,,,,,
ハンマー,チャタハンマーⅣ,0,3,2,0,0,210,0,溜打強化,1,スタミナ奪取,2,,,,,,,,,,,,,,,,,,,
ハンマー,バーラハンマⅠ,0,0,0,0,0,110,0,ＫＯ術,1,,,,,,,,,,,,,,,,,,,,,
ハンマー,バーラハンマⅡ,0,1,0,0,0,150,0,ＫＯ術,2,,,,,,,,,,,,,,,,,,,,,
ハンマー,バーラハンマⅢ,0,2,1,0,0,160,0,ＫＯ術,2,,,,,,,,,,,,,,,,,,,,,
ハンマー,バーラハンマⅣ,0,3,2,0,0,190,0,ＫＯ術,3,,,,,,,,,,,,,,,,,,,,,
ハンマー,沙海鎚シヤミティエ,0,3,2,1,0,210,0,ＫＯ術,3,,,,,,,,,,,,,,,,,,,,,
ハンマー,ププロペッカーⅠ,0,0,0,0,0,140,0,集中,2,,,,,,,,,,,,,,,,,,,,,
ハンマー,ププロペッカーⅡ,0,2,1,0,0,170,0,集中,2,,,,,,,,,,,,,,,,,,,,,
ハンマー,ププロペッカーⅢ,0,3,2,0,0,200,0,集中,3,,,,,,,,,,,,,,,,,,,,,
ハンマー,ププロ鎚ホムパトラ,0,3,2,1,0,220,0,集中,3,,,,,,,,,,,,,,,,,,,,,
ハンマー,クラスターハンマーⅠ,0,0,0,0,0,120,0,チャージマスター,1,集中,1,,,,,,,,,,,,,,,,,,,
ハンマー,クラスターハンマーⅡ,0,2,1,0,0,150,0,チャージマスター,1,集中,1,,,,,,,,,,,,,,,,,,,
ハンマー,クラスターハンマーⅢ,0,3,2,0,0,180,0,チャージマスター,2,集中,1,,,,,,,,,,,,,,,,,,,
ハンマー,ネルスクラスター,0,3,2,1,0,200,0,チャージマスター,2,集中,1,,,,,,,,,,,,,,,,,,,
ハンマー,ヌ・プルポⅠ,0,1,0,0,0,170,0,剛刃研磨,2,砥石使用高速化,1,,,,,,,,,,,,,,,,,,,
ハンマー,ヌ・プルポⅡ,0,3,2,0,0,210,0,剛刃研磨,2,砥石使用高速化,2,,,,,,,,,,,,,,,,,,,
ハンマー,獄焔槌プルポ,0,3,2,1,0,230,0,剛刃研磨,3,砥石使用高速化,2,,,,,,,,,,,,,,,,,,,
ハンマー,アルラスビートⅠ,0,1,0,0,0,160,0,達人芸,1,会心撃【属性】,1,,,,,,,,,,,,,,,,,,,
ハンマー,アルラスビートⅡ,0,2,1,0,0,180,0,達人芸,1,会心撃【属性】,1,,,,,,,,,,,,,,,,,,,
ハンマー,白炎砕ギビル,0,3,2,1,0,210,0,達人芸,1,会心撃【属性】,1,,,,,,,,,,,,,,,,,,,
ハンマー,ダハ・ヘトーラⅠ,0,3,2,0,0,190,0,集中,3,,,,,,,,,,,,,,,,,,,,,
ハンマー,断崖のロガマルト,0,3,2,1,0,210,0,集中,3,,,,,,,,,,,,,,,,,,,,,
ハンマー,虚無の鎚Ⅰ,0,1,0,0,0,160,0,集中,2,,,,,,,,,,,,,,,,,,,,,
ハンマー,虚無の鎚Ⅱ,0,2,1,0,0,190,0,集中,3,,,,,,,,,,,,,,,,,,,,,
ハンマー,暗鎚ロルザッチ,0,3,2,1,0,220,0,集中,3,,,,,,,,,,,,,,,,,,,,,
ハンマー,ガルシュマレオスⅠ,0,1,1,0,0,170,0,集中,2,,,,,,,,,,,,,,,,,,,,,
ハンマー,ガルシュマレオスⅡ,0,2,2,0,0,210,0,集中,2,,,,,,,,,,,,,,,,,,,,,
ハンマー,護鎖刃鎚ガルヴィエル,0,3,3,1,0,240,0,集中,2,,,,,,,,,,,,,,,,,,,,,
ハンマー,クックピックⅠ,0,2,1,0,0,180,0,チャージマスター,2,,,,,,,,,,,,,,,,,,,,,
ハンマー,クックピックⅡ,0,3,2,0,0,210,0,チャージマスター,3,,,,,,,,,,,,,,,,,,,,,
ハンマー,クックザップ,0,3,2,1,0,220,0,チャージマスター,3,,,,,,,,,,,,,,,,,,,,,
ハンマー,ヴェノムモンスターⅠ,0,2,1,0,0,180,0,抜刀術【技】,1,溜打強化,1,,,,,,,,,,,,,,,,,,,
ハンマー,ヴェノムモンスターⅡ,0,2,1,0,0,200,0,抜刀術【技】,2,溜打強化,1,,,,,,,,,,,,,,,,,,,
ハンマー,デスヴェノムハンマー,0,3,3,1,0,230,0,抜刀術【技】,3,溜打強化,1,,,,,,,,,,,,,,,,,,,
ハンマー,ドンナ＝アルジャナルⅠ,0,2,1,0,0,180,0,会心撃【属性】,3,,,,,,,,,,,,,,,,,,,,,
ハンマー,護雷鎚ドンナガルデ,0,3,2,1,0,210,0,会心撃【属性】,3,,,,,,,,,,,,,,,,,,,,,
ハンマー,ブラン＝ガダⅠ,0,2,1,0,0,200,0,ＫＯ術,3,,,,,,,,,,,,,,,,,,,,,
ハンマー,シンハ＝ガダ,0,3,2,1,0,230,0,ＫＯ術,3,,,,,,,,,,,,,,,,,,,,,
ハンマー,シェルハンマーⅠ,0,2,1,0,0,210,0,チャージマスター,3,,,,,,,,,,,,,,,,,,,,,
ハンマー,グラビィトンハンマー,0,3,2,1,0,250,0,チャージマスター,3,,,,,,,,,,,,,,,,,,,,,
ハンマー,レッドビートⅠ,0,2,1,0,0,180,0,超会心,3,,,,,,,,,,,,,,,,,,,,,
ハンマー,火竜砕フラカン,0,3,2,1,0,200,0,超会心,3,,,,,,,,,,,,,,,,,,,,,
ハンマー,パワーofグレアⅠ,0,3,2,0,0,180,0,会心撃【属性】,3,,,,,,,,,,,,,,,,,,,,,
ハンマー,パワーofテラー,0,3,2,1,0,210,0,会心撃【属性】,3,,,,,,,,,,,,,,,,,,,,,
ハンマー,アルシュマレオスⅠ,0,3,2,0,0,200,0,集中,3,,,,,,,,,,,,,,,,,,,,,
ハンマー,ジェイルハンマーⅠ,0,0,0,0,0,100,0,スタミナ奪取,1,,,,,,,,,,,,,,,,,,,,,
ハンマー,ジェイルハンマーⅡ,0,0,0,0,0,140,0,スタミナ奪取,2,,,,,,,,,,,,,,,,,,,,,
ハンマー,ジェイルハンマーⅢ,0,2,1,0,0,170,0,スタミナ奪取,2,,,,,,,,,,,,,,,,,,,,,
ハンマー,ジェイルハンマーⅣ,0,3,2,1,0,200,0,スタミナ奪取,3,,,,,,,,,,,,,,,,,,,,,
ハンマー,バインドキューブ,0,3,3,1,0,220,0,スタミナ奪取,3,,,,,,,,,,,,,,,,,,,,,
ハンマー,アーティアハンマーⅠ,0,2,2,2,0,170,0,,,,,,,,,,,,,,,,,,,,,,,
ハンマー,アーティアハンマーⅡ,0,2,2,2,0,180,0,,,,,,,,,,,,,,,,,,,,,,,
ハンマー,モートヴァンケル,0,3,3,3,0,190,0,,,,,,,,,,,,,,,,,,,,,,,
ハンマー,エスペラハンマー,0,3,2,1,0,210,0,砥石使用高速化,2,見切り,2,,,,,,,,,,,,,,,,,,,
ハンマー,纏槌ハシャハトゥリ,0,3,2,1,0,230,0,溜打強化,1,スタミナ奪取,3,,,,,,,,,,,,,,,,,,,
ハンマー,鎖刃鎚ベディヴィエル,0,3,2,1,0,220,0,集中,3,,,,,,,,,,,,,,,,,,,,,
狩猟笛,ホープホルンⅠ,0,0,0,0,0,90,0,,,,,,,,,,,,,,,,,,,,,,,
狩猟笛,ホープホルンⅡ,0,0,0,0,0,100,0,砥石使用高速化,1,,,,,,,,,,,,,,,,,,,,,
狩猟笛,ホープホルンⅢ,0,0,0,0,0,130,0,砥石使用高速化,1,見切り,1,,,,,,,,,,,,,,,,,,,
狩猟笛,ホープホルンⅣ,0,2,1,0,0,160,0,砥石使用高速化,2,見切り,1,,,,,,,,,,,,,,,,,,,
狩猟笛,ホープホルンⅤ,0,3,2,0,0,190,0,砥石使用高速化,2,見切り,1,,,,,,,,,,,,,,,,,,,
狩猟笛,ボーンホルンⅠ,0,0,0,0,0,110,0,スタミナ奪取,1,,,,,,,,,,,,,,,,,,,,,
狩猟笛,ボーンホルンⅡ,0,0,0,0,0,130,0,スタミナ奪取,1,攻撃,1,,,,,,,,,,,,,,,,,,,
狩猟笛,ボーンホルンⅢ,0,1,0,0,0,170,0,スタミナ奪取,2,攻撃,1,,,,,,,,,,,,,,,,,,,
狩猟笛,ボーンホルンⅣ,0,2,1,0,0,190,0,スタミナ奪取,3,攻撃,1,,,,,,,,,,,,,,,,,,,
狩猟笛,ハードボーンホルン,0,3,2,1,0,220,0,スタミナ奪取,3,攻撃,1,,,,,,,,,,,,,,,,,,,
狩猟笛,メタルバグパイプⅠ,0,0,0,0,0,120,0,抜刀術【技】,1,笛吹き名人,1,,,,,,,,,,,,,,,,,,,
狩猟笛,メタルバグパイプⅡ,0,1,0,0,0,160,0,抜刀術【技】,2,笛吹き名人,1,,,,,,,,,,,,,,,,,,,
狩猟笛,メタルバグパイプⅢ,0,2,1,0,0,180,0,抜刀術【技】,3,笛吹き名人,1,,,,,,,,,,,,,,,,,,,
狩猟笛,グレートバグパイプ,0,3,2,1,0,210,0,抜刀術【技】,3,笛吹き名人,1,,,,,,,,,,,,,,,,,,,
狩猟笛,ウォーボンゴⅠ,0,0,0,0,0,110,0,笛吹き名人,1,,,,,,,,,,,,,,,,,,,,,
狩猟笛,ウォーボンゴⅡ,0,2,1,1,0,160,0,笛吹き名人,1,砥石使用高速化,1,,,,,,,,,,,,,,,,,,,
狩猟笛,ウォーコンガ,0,3,3,1,0,210,0,笛吹き名人,2,砥石使用高速化,1,,,,,,,,,,,,,,,,,,,
狩猟笛,バーラホルンⅠ,0,0,0,0,0,110,0,ＫＯ術,1,,,,,,,,,,,,,,,,,,,,,
狩猟笛,バーラホルンⅡ,0,1,0,0,0,150,0,ＫＯ術,2,,,,,,,,,,,,,,,,,,,,,
狩猟笛,バーラホルンⅢ,0,2,1,0,0,160,0,ＫＯ術,2,,,,,,,,,,,,,,,,,,,,,
狩猟笛,バーラホルンⅣ,0,3,2,0,0,190,0,ＫＯ術,3,,,,,,,,,,,,,,,,,,,,,
狩猟笛,沙海笛ガントヴィジ,0,3,2,1,0,210,0,ＫＯ術,3,,,,,,,,,,,,,,,,,,,,,
狩猟笛,闢轟笛Ⅰ,0,0,0,0,0,140,0,ＫＯ術,1,,,,,,,,,,,,,,,,,,,,,
狩猟笛,闢轟笛Ⅱ,0,1,0,0,0,180,0,ＫＯ術,1,笛吹き名人,1,,,,,,,,,,,,,,,,,,,
狩猟笛,闢轟笛Ⅲ,0,2,1,0,0,210,0,ＫＯ術,2,笛吹き名人,1,,,,,,,,,,,,,,,,,,,
狩猟笛,レ・ブリスビッツァⅠ,0,0,0,0,0,140,0,スタミナ奪取,2,笛吹き名人,1,,,,,,,,,,,,,,,,,,,
狩猟笛,レ・ブリスビッツァⅡ,0,2,1,0,0,170,0,スタミナ奪取,2,笛吹き名人,1,,,,,,,,,,,,,,,,,,,
狩猟笛,レ・ブリスビッツァⅢ,0,3,2,0,0,200,0,スタミナ奪取,3,笛吹き名人,1,,,,,,,,,,,,,,,,,,,
狩猟笛,煌雷鼓ブリスビッツァ,0,3,2,1,0,220,0,スタミナ奪取,3,笛吹き名人,1,,,,,,,,,,,,,,,,,,,
狩猟笛,赫炎の笛Ⅰ,0,0,0,0,0,130,0,ＫＯ術,2,,,,,,,,,,,,,,,,,,,,,
狩猟笛,赫炎の笛Ⅱ,0,2,1,0,0,180,0,ＫＯ術,3,,,,,,,,,,,,,,,,,,,,,
狩猟笛,赫炎笛ジーヴァカ,0,3,2,1,0,210,0,ＫＯ術,3,,,,,,,,,,,,,,,,,,,,,
狩猟笛,護闢轟笛Ⅰ,0,1,0,0,0,180,0,スタミナ奪取,2,笛吹き名人,1,,,,,,,,,,,,,,,,,,,
狩猟笛,護闢轟笛Ⅱ,0,2,1,0,0,220,0,スタミナ奪取,3,笛吹き名人,1,,,,,,,,,,,,,,,,,,,
狩猟笛,護闢轟笛ガルグマピリ,0,3,2,1,0,250,0,スタミナ奪取,3,笛吹き名人,1,,,,,,,,,,,,,,,,,,,
狩猟笛,アルラスフラップⅠ,0,1,0,0,0,160,0,達人芸,1,会心撃【属性】,1,,,,,,,,,,,,,,,,,,,
狩猟笛,アルラスフラップⅡ,0,2,1,0,0,170,0,達人芸,1,会心撃【属性】,1,,,,,,,,,,,,,,,,,,,
狩猟笛,白炎笛アリエント,0,3,2,1,0,200,0,達人芸,1,会心撃【属性】,1,,,,,,,,,,,,,,,,,,,
狩猟笛,ダハ・アングⅠ,0,3,2,0,0,190,0,ＫＯ術,3,,,,,,,,,,,,,,,,,,,,,
狩猟笛,断崖のコーヴィラ,0,3,2,1,0,210,0,ＫＯ術,3,,,,,,,,,,,,,,,,,,,,,
狩猟笛,虚無の弦Ⅰ,0,1,0,0,0,160,0,スタミナ奪取,2,笛吹き名人,1,,,,,,,,,,,,,,,,,,,
狩猟笛,虚無の弦Ⅱ,0,2,1,0,0,190,0,スタミナ奪取,3,笛吹き名人,1,,,,,,,,,,,,,,,,,,,
狩猟笛,暗琴クージン,0,3,2,1,0,220,0,スタミナ奪取,3,笛吹き名人,1,,,,,,,,,,,,,,,,,,,
狩猟笛,ガルシュシビーロスⅠ,0,1,1,0,0,170,0,笛吹き名人,2,,,,,,,,,,,,,,,,,,,,,
狩猟笛,ガルシュシビーロスⅡ,0,2,2,0,0,200,0,笛吹き名人,2,,,,,,,,,,,,,,,,,,,,,
狩猟笛,護鎖刃笛ガルシュハド,0,3,3,1,0,230,0,笛吹き名人,2,,,,,,,,,,,,,,,,,,,,,
狩猟笛,クックソングⅠ,0,2,1,0,0,190,0,スタミナ奪取,2,笛吹き名人,1,,,,,,,,,,,,,,,,,,,
狩猟笛,クックソングⅡ,0,3,2,0,0,220,0,スタミナ奪取,3,笛吹き名人,1,,,,,,,,,,,,,,,,,,,
狩猟笛,クックカンタービレ,0,3,2,1,0,230,0,スタミナ奪取,3,笛吹き名人,1,,,,,,,,,,,,,,,,,,,
狩猟笛,毒笛カプリⅠ,0,2,1,0,0,180,0,抜刀術【技】,2,笛吹き名人,1,,,,,,,,,,,,,,,,,,,
狩猟笛,毒笛カプリⅡ,0,2,1,0,0,200,0,抜刀術【技】,3,笛吹き名人,1,,,,,,,,,,,,,,,,,,,
狩猟笛,毒笛カプリ【狂奏】,0,3,2,1,0,230,0,抜刀術【技】,3,笛吹き名人,1,,,,,,,,,,,,,,,,,,,
狩猟笛,ヴァルキリコーダーⅠ,0,2,1,0,0,150,0,会心撃【特殊】,2,毒ダメージ強化,1,,,,,,,,,,,,,,,,,,,
狩猟笛,ヴァルキリコーダーⅡ,0,3,2,0,0,180,0,会心撃【特殊】,3,毒ダメージ強化,1,,,,,,,,,,,,,,,,,,,
狩猟笛,クイーンリコーダー,0,3,2,1,0,200,0,会心撃【特殊】,3,毒ダメージ強化,1,,,,,,,,,,,,,,,,,,,
狩猟笛,ホーン＝アルジャナルⅠ,0,2,1,0,0,180,0,会心撃【属性】,3,,,,,,,,,,,,,,,,,,,,,
狩猟笛,護雷笛ホーンガルデ,0,3,2,1,0,210,0,会心撃【属性】,3,,,,,,,,,,,,,,,,,,,,,
狩猟笛,フレイムフラップⅠ,0,2,1,0,0,180,0,超会心,3,,,,,,,,,,,,,,,,,,,,,
狩猟笛,火竜笛アンビシオン,0,3,2,1,0,200,0,超会心,3,,,,,,,,,,,,,,,,,,,,,
狩猟笛,サウンドofクライⅠ,0,3,2,0,0,170,0,会心撃【属性】,3,,,,,,,,,,,,,,,,,,,,,
狩猟笛,サウンドofソロウ,0,3,2,1,0,200,0,会心撃【属性】,3,,,,,,,,,,,,,,,,,,,,,
狩猟笛,アルシュシビーロスⅠ,0,3,2,0,0,190,0,ＫＯ術,2,笛吹き名人,2,,,,,,,,,,,,,,,,,,,
狩猟笛,ソニックホルンⅠ,0,0,0,0,0,90,0,剛刃研磨,1,,,,,,,,,,,,,,,,,,,,,
狩猟笛,ソニックホルンⅡ,0,0,0,0,0,120,0,剛刃研磨,2,砥石使用高速化,1,,,,,,,,,,,,,,,,,,,
狩猟笛,ソニックホルンⅢ,0,2,1,0,0,150,0,剛刃研磨,2,砥石使用高速化,1,,,,,,,,,,,,,,,,,,,
狩猟笛,ソニックホルンⅣ,0,3,2,0,0,180,0,剛刃研磨,3,砥石使用高速化,1,,,,,,,,,,,,,,,,,,,
狩猟笛,ロイヤルビードロー,0,3,2,1,0,200,0,剛刃研磨,3,砥石使用高速化,2,,,,,,,,,,,,,,,,,,,
狩猟笛,アーティアサウンドⅠ,0,2,2,2,0,170,0,,,,,,,,,,,,,,,,,,,,,,,
狩猟笛,アーティアサウンドⅡ,0,2,2,2,0,180,0,,,,,,,,,,,,,,,,,,,,,,,
狩猟笛,オミリティカ,0,3,3,3,0,190,0,,,,,,,,,,,,,,,,,,,,,,,
狩猟笛,エスペラホルン,0,3,2,1,0,210,0,砥石使用高速化,2,見切り,2,,,,,,,,,,,,,,,,,,,
狩猟笛,闢轟笛ホンガタピリ,0,3,2,1,0,240,0,ＫＯ術,2,笛吹き名人,1,,,,,,,,,,,,,,,,,,,
狩猟笛,鎖刃笛ギャラハッド,0,3,2,1,0,210,0,ＫＯ術,2,笛吹き名人,2,,,,,,,,,,,,,,,,,,,
ランス,ホープランスⅠ,0,0,0,0,0,90,0,,,,,,,,,,,,,,,,,,,,,,,
ランス,ホープランスⅡ,0,0,0,0,0,100,0,砥石使用高速化,1,,,,,,,,,,,,,,,,,,,,,
ランス,ホープランスⅢ,0,0,0,0,0,130,0,砥石使用高速化,1,見切り,1,,,,,,,,,,,,,,,,,,,
ランス,ホープランスⅣ,0,2,1,0,0,160,0,砥石使用高速化,2,見切り,1,,,,,,,,,,,,,,,,,,,
ランス,ホープランスⅤ,0,3,2,0,0,190,0,砥石使用高速化,2,見切り,1,,,,,,,,,,,,,,,,,,,
ランス,ボーンランスⅠ,0,0,0,0,0,110,0,ガード性能,1,,,,,,,,,,,,,,,,,,,,,
ランス,ボーンランスⅡ,0,0,0,0,0,130,0,ガード性能,1,攻撃,1,,,,,,,,,,,,,,,,,,,
ランス,ボーンランスⅢ,0,1,0,0,0,170,0,ガード性能,2,攻撃,1,,,,,,,,,,,,,,,,,,,
ランス,ボーンランスⅣ,0,2,1,0,0,200,0,ガード性能,3,攻撃,1,,,,,,,,,,,,,,,,,,,
ランス,ハードボーンランス,0,3,2,1,0,230,0,ガード性能,3,攻撃,1,,,,,,,,,,,,,,,,,,,
ランス,クロムドリルⅠ,0,0,0,0,0,120,0,ガード強化,1,,,,,,,,,,,,,,,,,,,,,
ランス,クロムドリルⅡ,0,1,0,0,0,160,0,ガード強化,2,,,,,,,,,,,,,,,,,,,,,
ランス,クロムドリルⅢ,0,2,1,0,0,190,0,ガード強化,2,,,,,,,,,,,,,,,,,,,,,
ランス,クロムランツェ,0,3,2,1,0,220,0,ガード強化,3,,,,,,,,,,,,,,,,,,,,,
ランス,ケマスランツァⅠ,0,0,0,0,0,100,0,ガード性能,1,,,,,,,,,,,,,,,,,,,,,
ランス,ケマスランツァⅡ,0,0,0,0,0,140,0,ガード性能,2,,,,,,,,,,,,,,,,,,,,,
ランス,ケマスランツァⅢ,0,2,1,0,0,170,0,ガード性能,2,,,,,,,,,,,,,,,,,,,,,
ランス,ケマスランツァⅣ,0,3,2,0,0,210,0,ガード性能,3,,,,,,,,,,,,,,,,,,,,,
ランス,炎尾槍カミネートー,0,3,2,1,0,240,0,ガード性能,3,,,,,,,,,,,,,,,,,,,,,
ランス,ラバラ・ロンスⅠ,0,0,0,0,0,100,0,抜刀術【技】,1,,,,,,,,,,,,,,,,,,,,,
ランス,ラバラ・ロンスⅡ,0,0,0,0,0,120,0,抜刀術【技】,1,会心撃【特殊】,1,,,,,,,,,,,,,,,,,,,
ランス,ラバラ・ロンスⅢ,0,2,1,0,0,150,0,抜刀術【技】,1,会心撃【特殊】,1,,,,,,,,,,,,,,,,,,,
ランス,ラバラ・ロンスⅣ,0,3,2,0,0,180,0,抜刀術【技】,2,会心撃【特殊】,1,,,,,,,,,,,,,,,,,,,
ランス,刺花槍アヴィクリア,0,3,2,1,0,200,0,抜刀術【技】,2,会心撃【特殊】,1,,,,,,,,,,,,,,,,,,,
ランス,バーラランスⅠ,0,0,0,0,0,110,0,攻めの守勢,1,,,,,,,,,,,,,,,,,,,,,
ランス,バーラランスⅡ,0,1,0,0,0,150,0,攻めの守勢,2,,,,,,,,,,,,,,,,,,,,,
ランス,バーラランスⅢ,0,2,1,0,0,160,0,攻めの守勢,2,,,,,,,,,,,,,,,,,,,,,
ランス,バーラランスⅣ,0,3,2,0,0,190,0,攻めの守勢,3,,,,,,,,,,,,,,,,,,,,,
ランス,沙海槍プラハヒレヤ,0,3,2,1,0,210,0,攻めの守勢,3,,,,,,,,,,,,,,,,,,,,,
ランス,闢荒槍Ⅰ,0,0,0,0,0,140,0,抜刀術【力】,1,,,,,,,,,,,,,,,,,,,,,
ランス,闢荒槍Ⅱ,0,1,1,0,0,180,0,抜刀術【力】,2,,,,,,,,,,,,,,,,,,,,,
ランス,闢荒槍Ⅲ,0,2,2,0,0,210,0,抜刀術【力】,3,,,,,,,,,,,,,,,,,,,,,
ランス,ププロピアサーⅠ,0,0,0,0,0,140,0,ガード強化,2,,,,,,,,,,,,,,,,,,,,,
ランス,ププロピアサーⅡ,0,2,1,0,0,170,0,ガード強化,2,,,,,,,,,,,,,,,,,,,,,
ランス,ププロピアサーⅢ,0,3,2,0,0,200,0,ガード強化,3,,,,,,,,,,,,,,,,,,,,,
ランス,ププロ槍テトロドクス,0,3,2,1,0,220,0,ガード強化,3,,,,,,,,,,,,,,,,,,,,,
ランス,レ・ガルガラハトⅠ,0,0,0,0,0,140,0,ガード性能,1,攻めの守勢,1,,,,,,,,,,,,,,,,,,,
ランス,レ・ガルガラハトⅡ,0,2,1,0,0,170,0,ガード性能,1,攻めの守勢,1,,,,,,,,,,,,,,,,,,,
ランス,レ・ガルガラハトⅢ,0,3,2,0,0,200,0,ガード性能,2,攻めの守勢,1,,,,,,,,,,,,,,,,,,,
ランス,煌雷槍ガルガラハト,0,3,2,1,0,220,0,ガード性能,2,攻めの守勢,1,,,,,,,,,,,,,,,,,,,
ランス,風月牙槍Ⅰ,0,0,0,0,0,140,0,ガード性能,2,飛燕,1,,,,,,,,,,,,,,,,,,,
ランス,風月牙槍Ⅱ,0,2,1,0,0,170,0,ガード性能,2,飛燕,1,,,,,,,,,,,,,,,,,,,
ランス,風月牙槍Ⅲ,0,3,2,0,0,200,0,ガード性能,3,飛燕,1,,,,,,,,,,,,,,,,,,,
ランス,風月牙槍ツキバミ,0,3,2,1,0,220,0,ガード性能,3,飛燕,1,,,,,,,,,,,,,,,,,,,
ランス,ヌ・アシミノクⅠ,0,1,0,0,0,170,0,攻めの守勢,2,,,,,,,,,,,,,,,,,,,,,
ランス,ヌ・アシミノクⅡ,0,3,2,0,0,210,0,攻めの守勢,3,,,,,,,,,,,,,,,,,,,,,
ランス,獄焔槍アシミノク,0,3,2,1,0,230,0,攻めの守勢,3,,,,,,,,,,,,,,,,,,,,,
ランス,護闢荒槍Ⅰ,0,1,0,0,0,180,0,攻めの守勢,2,,,,,,,,,,,,,,,,,,,,,
ランス,護闢荒槍Ⅱ,0,2,1,0,0,220,0,攻めの守勢,3,,,,,,,,,,,,,,,,,,,,,
ランス,護闢荒槍ガルグマニト,0,3,2,1,0,250,0,攻めの守勢,3,,,,,,,,,,,,,,,,,,,,,
ランス,アルラステイルⅠ,0,1,0,0,0,160,0,達人芸,1,会心撃【属性】,1,,,,,,,,,,,,,,,,,,,
ランス,アルラステイルⅡ,0,2,1,0,0,180,0,達人芸,1,会心撃【属性】,1,,,,,,,,,,,,,,,,,,,
ランス,シャイニングピラー,0,3,2,1,0,220,0,達人芸,1,会心撃【属性】,1,,,,,,,,,,,,,,,,,,,
ランス,異界の旋火Ⅰ,0,1,0,0,0,140,0,攻めの守勢,2,,,,,,,,,,,,,,,,,,,,,
ランス,異界の旋火Ⅱ,0,2,1,0,0,170,0,攻めの守勢,3,,,,,,,,,,,,,,,,,,,,,
ランス,遺憾【リグレット】,0,3,2,1,0,210,0,攻めの守勢,3,,,,,,,,,,,,,,,,,,,,,
ランス,ガルシュランチェアⅠ,0,1,1,0,0,170,0,ガード性能,2,,,,,,,,,,,,,,,,,,,,,
ランス,ガルシュランチェアⅡ,0,2,2,0,0,210,0,ガード性能,2,,,,,,,,,,,,,,,,,,,,,
ランス,護鎖刃槍ガルシュマン,0,3,3,1,0,240,0,ガード性能,2,,,,,,,,,,,,,,,,,,,,,
ランス,豪槍グラビモスⅠ,0,2,1,0,0,210,0,ガード強化,3,,,,,,,,,,,,,,,,,,,,,
ランス,激槍グラビモス,0,3,2,1,0,250,0,ガード強化,3,,,,,,,,,,,,,,,,,,,,,
ランス,レッドテイルⅠ,0,2,1,0,0,190,0,超会心,3,,,,,,,,,,,,,,,,,,,,,
ランス,プロミネンスピラー,0,3,2,1,0,210,0,超会心,3,,,,,,,,,,,,,,,,,,,,,
ランス,シールドofアーネストⅠ,0,3,2,0,0,180,0,会心撃【属性】,3,,,,,,,,,,,,,,,,,,,,,
ランス,シールドofヒート,0,3,2,1,0,210,0,会心撃【属性】,3,,,,,,,,,,,,,,,,,,,,,
ランス,アルシュランチェアⅠ,0,3,2,0,0,200,0,ガード性能,3,,,,,,,,,,,,,,,,,,,,,
ランス,アーティアランスⅠ,0,2,2,2,0,170,0,,,,,,,,,,,,,,,,,,,,,,,
ランス,アーティアランスⅡ,0,2,2,2,0,180,0,,,,,,,,,,,,,,,,,,,,,,,
ランス,マテンロウ,0,3,3,3,0,190,0,,,,,,,,,,,,,,,,,,,,,,,
ランス,エスペラランス,0,3,2,1,0,210,0,砥石使用高速化,2,見切り,2,,,,,,,,,,,,,,,,,,,
ランス,闢荒槍ドビエラニト,0,3,3,1,0,240,0,抜刀術【力】,3,,,,,,,,,,,,,,,,,,,,,
ランス,鎖刃槍ボーマン,0,3,2,1,0,220,0,ガード性能,3,,,,,,,,,,,,,,,,,,,,,
ランス,パラディンランスⅠ,0,2,1,0,0,190,0,抜刀術【技】,3,ガード性能,1,,,,,,,,,,,,,,,,,,,
ランス,バベル,0,3,2,1,0,220,0,抜刀術【技】,3,ガード性能,1,,,,,,,,,,,,,,,,,,,
ガンランス,ホープガンランスⅠ,0,0,0,0,0,90,0,,,,,,,,,,,,,,,,,,,,,,,
ガンランス,ホープガンランスⅡ,0,0,0,0,0,100,0,砥石使用高速化,1,,,,,,,,,,,,,,,,,,,,,
ガンランス,ホープガンランスⅢ,0,0,0,0,0,130,0,砥石使用高速化,1,見切り,1,,,,,,,,,,,,,,,,,,,
ガンランス,ホープガンランスⅣ,0,2,1,0,0,160,0,砥石使用高速化,2,見切り,1,,,,,,,,,,,,,,,,,,,
ガンランス,ホープガンランスⅤ,0,3,2,0,0,190,0,砥石使用高速化,2,見切り,1,,,,,,,,,,,,,,,,,,,
ガンランス,骨銃槍Ⅰ,0,0,0,0,0,110,0,ガード性能,1,,,,,,,,,,,,,,,,,,,,,
ガンランス,骨銃槍Ⅱ,0,0,0,0,0,130,0,ガード性能,1,攻撃,1,,,,,,,,,,,,,,,,,,,
ガンランス,骨銃槍Ⅲ,0,1,0,0,0,170,0,ガード性能,2,攻撃,1,,,,,,,,,,,,,,,,,,,
ガンランス,骨銃槍Ⅳ,0,2,1,0,0,200,0,ガード性能,3,攻撃,1,,,,,,,,,,,,,,,,,,,
ガンランス,大骨銃槍,0,3,2,1,0,230,0,ガード性能,3,攻撃,1,,,,,,,,,,,,,,,,,,,
ガンランス,トライバヨネットⅠ,0,0,0,0,0,120,0,ガード強化,1,,,,,,,,,,,,,,,,,,,,,
ガンランス,トライバヨネットⅡ,0,1,0,0,0,160,0,ガード強化,2,,,,,,,,,,,,,,,,,,,,,
ガンランス,トライバヨネットⅢ,0,2,1,0,0,190,0,ガード強化,2,,,,,,,,,,,,,,,,,,,,,
ガンランス,トライエッジ,0,3,2,1,0,220,0,ガード強化,3,,,,,,,,,,,,,,,,,,,,,
ガンランス,ケマスカニョンⅠ,0,0,0,0,0,100,0,ガード性能,1,,,,,,,,,,,,,,,,,,,,,
ガンランス,ケマスカニョンⅡ,0,0,0,0,0,140,0,ガード性能,2,,,,,,,,,,,,,,,,,,,,,
ガンランス,ケマスカニョンⅢ,0,2,1,0,0,170,0,ガード性能,2,,,,,,,,,,,,,,,,,,,,,
ガンランス,ケマスカニョンⅣ,0,3,2,0,0,200,0,ガード性能,3,,,,,,,,,,,,,,,,,,,,,
ガンランス,炎尾銃槍ケマドーラ,0,3,2,1,0,220,0,ガード性能,3,,,,,,,,,,,,,,,,,,,,,
ガンランス,バーラバーストⅠ,0,0,0,0,0,110,0,攻めの守勢,1,,,,,,,,,,,,,,,,,,,,,
ガンランス,バーラバーストⅡ,0,1,0,0,0,150,0,攻めの守勢,2,,,,,,,,,,,,,,,,,,,,,
ガンランス,バーラバーストⅢ,0,2,1,0,0,160,0,攻めの守勢,2,,,,,,,,,,,,,,,,,,,,,
ガンランス,バーラバーストⅣ,0,3,2,0,0,190,0,攻めの守勢,3,,,,,,,,,,,,,,,,,,,,,
ガンランス,沙海銃槍ヴィスキャノ,0,3,2,1,0,210,0,攻めの守勢,3,,,,,,,,,,,,,,,,,,,,,
ガンランス,ウズ・ファルマタⅠ,0,0,0,0,0,170,0,ガード性能,2,,,,,,,,,,,,,,,,,,,,,
ガンランス,ウズ・ファルマタⅡ,0,2,1,0,0,200,0,ガード性能,2,,,,,,,,,,,,,,,,,,,,,
ガンランス,ウズ・ファルマタⅢ,0,3,2,0,0,230,0,ガード性能,3,,,,,,,,,,,,,,,,,,,,,
ガンランス,波濤銃槍ファルマタ,0,3,2,1,0,250,0,ガード性能,3,,,,,,,,,,,,,,,,,,,,,
ガンランス,シェルガンバードⅠ,0,0,0,0,0,120,0,抜刀術【技】,1,会心撃【特殊】,1,,,,,,,,,,,,,,,,,,,
ガンランス,シェルガンバードⅡ,0,2,1,0,0,150,0,抜刀術【技】,1,会心撃【特殊】,1,,,,,,,,,,,,,,,,,,,
ガンランス,シェルガンバードⅢ,0,3,2,0,0,180,0,抜刀術【技】,2,会心撃【特殊】,1,,,,,,,,,,,,,,,,,,,
ガンランス,ソリッドガンバード,0,3,2,1,0,200,0,抜刀術【技】,2,会心撃【特殊】,1,,,,,,,,,,,,,,,,,,,
ガンランス,赫炎の銃槍Ⅰ,0,0,0,0,0,130,0,砲弾装填,1,攻めの守勢,1,,,,,,,,,,,,,,,,,,,
ガンランス,赫炎の銃槍Ⅱ,0,2,1,0,0,180,0,砲弾装填,2,攻めの守勢,1,,,,,,,,,,,,,,,,,,,
ガンランス,赫炎銃槍カーリカ,0,3,2,1,0,210,0,砲弾装填,2,攻めの守勢,1,,,,,,,,,,,,,,,,,,,
ガンランス,アルラスルークⅠ,0,1,0,0,0,160,0,達人芸,1,会心撃【属性】,1,,,,,,,,,,,,,,,,,,,
ガンランス,アルラスルークⅡ,0,2,1,0,0,180,0,達人芸,1,会心撃【属性】,1,,,,,,,,,,,,,,,,,,,
ガンランス,シャイニングルーク,0,3,2,1,0,210,0,達人芸,1,会心撃【属性】,1,,,,,,,,,,,,,,,,,,,
ガンランス,ダハ・ドップⅠ,0,3,2,0,0,190,0,ガード性能,3,,,,,,,,,,,,,,,,,,,,,
ガンランス,断崖のロハルマ,0,3,2,1,0,210,0,ガード性能,3,,,,,,,,,,,,,,,,,,,,,
ガンランス,ガルシュアスタⅠ,0,1,1,0,0,170,0,ガード性能,2,,,,,,,,,,,,,,,,,,,,,
ガンランス,ガルシュアスタⅡ,0,2,2,0,0,210,0,ガード性能,2,,,,,,,,,,,,,,,,,,,,,
ガンランス,護鎖刃銃槍ガルホート,0,3,3,1,0,240,0,ガード性能,2,,,,,,,,,,,,,,,,,,,,,
ガンランス,ハードヒッターⅠ,0,2,1,0,0,180,0,抜刀術【力】,2,抜刀術【技】,1,,,,,,,,,,,,,,,,,,,
ガンランス,ハードヒッターⅡ,0,2,1,0,0,200,0,抜刀術【力】,2,抜刀術【技】,2,,,,,,,,,,,,,,,,,,,
ガンランス,ビッグスラッガー,0,3,2,1,0,230,0,抜刀術【力】,3,抜刀術【技】,2,,,,,,,,,,,,,,,,,,,
ガンランス,プリンセスバーストⅠ,0,2,1,0,0,160,0,会心撃【特殊】,2,毒ダメージ強化,1,,,,,,,,,,,,,,,,,,,
ガンランス,プリンセスバーストⅡ,0,3,2,0,0,190,0,会心撃【特殊】,3,毒ダメージ強化,1,,,,,,,,,,,,,,,,,,,
ガンランス,オルトリンデ,0,3,2,1,0,210,0,会心撃【特殊】,3,毒ダメージ強化,1,,,,,,,,,,,,,,,,,,,
ガンランス,ハルマ＝アルジャナルⅠ,0,2,1,0,0,180,0,会心撃【属性】,3,,,,,,,,,,,,,,,,,,,,,
ガンランス,護雷銃槍ハルマガルデ,0,3,2,1,0,210,0,会心撃【属性】,3,,,,,,,,,,,,,,,,,,,,,
ガンランス,ホワイトガンランスⅠ,0,2,1,0,0,220,0,ガード強化,3,,,,,,,,,,,,,,,,,,,,,
ガンランス,ホワイトキャノン,0,3,2,1,0,240,0,ガード強化,3,,,,,,,,,,,,,,,,,,,,,
ガンランス,レッドルークⅠ,0,2,1,0,0,180,0,超会心,3,,,,,,,,,,,,,,,,,,,,,
ガンランス,クリムゾンルーク,0,3,2,1,0,200,0,超会心,3,,,,,,,,,,,,,,,,,,,,,
ガンランス,アームofティランⅠ,0,3,2,0,0,180,0,会心撃【属性】,3,,,,,,,,,,,,,,,,,,,,,
ガンランス,アームofトリーズ,0,3,2,1,0,200,0,会心撃【属性】,3,,,,,,,,,,,,,,,,,,,,,
ガンランス,アルシュアスタⅠ,0,3,2,0,0,200,0,ガード性能,3,,,,,,,,,,,,,,,,,,,,,
ガンランス,パルジーガンランスⅠ,0,0,0,0,0,100,0,攻めの守勢,1,,,,,,,,,,,,,,,,,,,,,
ガンランス,パルジーガンランスⅡ,0,0,0,0,0,130,0,攻めの守勢,2,,,,,,,,,,,,,,,,,,,,,
ガンランス,パルジーガンランスⅢ,0,2,1,0,0,160,0,攻めの守勢,2,,,,,,,,,,,,,,,,,,,,,
ガンランス,パルジーガンランスⅣ,0,3,2,0,0,190,0,攻めの守勢,3,,,,,,,,,,,,,,,,,,,,,
ガンランス,黒痺銃槍インペディア,0,3,2,1,0,210,0,攻めの守勢,3,,,,,,,,,,,,,,,,,,,,,
ガンランス,アーティアキャノンⅠ,0,2,2,2,0,170,0,,,,,,,,,,,,,,,,,,,,,,,
ガンランス,アーティアキャノンⅡ,0,2,2,2,0,180,0,,,,,,,,,,,,,,,,,,,,,,,
ガンランス,アル＝ジェネシス,0,3,3,3,0,190,0,,,,,,,,,,,,,,,,,,,,,,,
ガンランス,エスペラガンランス,0,3,2,1,0,210,0,砥石使用高速化,2,見切り,2,,,,,,,,,,,,,,,,,,,
ガンランス,鎖刃銃槍ボゥホート,0,3,2,1,0,220,0,ガード性能,3,,,,,,,,,,,,,,,,,,,,,
スラッシュアックス,ホープアックスⅠ,0,0,0,0,0,90,0,,,,,,,,,,,,,,,,,,,,,,,
スラッシュアックス,ホープアックスⅡ,0,0,0,0,0,100,0,砥石使用高速化,1,,,,,,,,,,,,,,,,,,,,,
スラッシュアックス,ホープアックスⅢ,0,0,0,0,0,130,0,砥石使用高速化,1,見切り,1,,,,,,,,,,,,,,,,,,,
スラッシュアックス,ホープアックスⅣ,0,2,1,0,0,160,0,砥石使用高速化,2,見切り,1,,,,,,,,,,,,,,,,,,,
スラッシュアックス,ホープアックスⅤ,0,3,2,0,0,190,0,砥石使用高速化,2,見切り,1,,,,,,,,,,,,,,,,,,,
スラッシュアックス,ボーンアックスⅠ,0,0,0,0,0,110,0,集中,1,,,,,,,,,,,,,,,,,,,,,
スラッシュアックス,ボーンアックスⅡ,0,0,0,0,0,130,0,集中,1,攻撃,1,,,,,,,,,,,,,,,,,,,
スラッシュアックス,ボーンアックスⅢ,0,1,0,0,0,170,0,集中,2,攻撃,1,,,,,,,,,,,,,,,,,,,
スラッシュアックス,ボーンアックスⅣ,0,2,1,0,0,200,0,集中,3,攻撃,1,,,,,,,,,,,,,,,,,,,
スラッシュアックス,ボーンスマッシャー,0,3,2,1,0,230,0,集中,3,攻撃,1,,,,,,,,,,,,,,,,,,,
スラッシュアックス,アイアンアクセルⅠ,0,0,0,0,0,120,0,高速変形,1,,,,,,,,,,,,,,,,,,,,,
スラッシュアックス,アイアンアクセルⅡ,0,1,0,0,0,160,0,高速変形,2,,,,,,,,,,,,,,,,,,,,,
スラッシュアックス,アイアンアクセルⅢ,0,2,1,0,0,190,0,高速変形,3,,,,,,,,,,,,,,,,,,,,,
スラッシュアックス,クロムアクセル,0,3,2,1,0,220,0,高速変形,3,,,,,,,,,,,,,,,,,,,,,
スラッシュアックス,ラバラ・アッシェⅠ,0,0,0,0,0,100,0,抜刀術【技】,1,,,,,,,,,,,,,,,,,,,,,
スラッシュアックス,ラバラ・アッシェⅡ,0,0,0,0,0,120,0,抜刀術【技】,1,会心撃【特殊】,1,,,,,,,,,,,,,,,,,,,
スラッシュアックス,ラバラ・アッシェⅢ,0,2,1,0,0,150,0,抜刀術【技】,1,会心撃【特殊】,1,,,,,,,,,,,,,,,,,,,
スラッシュアックス,ラバラ・アッシェⅣ,0,3,2,0,0,180,0,抜刀術【技】,2,会心撃【特殊】,1,,,,,,,,,,,,,,,,,,,
スラッシュアックス,刺花剣斧セレノスミア,0,3,2,1,0,200,0,抜刀術【技】,2,会心撃【特殊】,1,,,,,,,,,,,,,,,,,,,
スラッシュアックス,ゴルババンダールⅠ,0,0,0,0,0,120,0,抜刀術【力】,1,抜刀術【技】,1,,,,,,,,,,,,,,,,,,,
スラッシュアックス,ゴルババンダールⅡ,0,2,1,0,0,170,0,抜刀術【力】,2,抜刀術【技】,1,,,,,,,,,,,,,,,,,,,
スラッシュアックス,グンダババンダール,0,3,2,1,0,220,0,抜刀術【力】,2,抜刀術【技】,2,,,,,,,,,,,,,,,,,,,
スラッシュアックス,闢暴斧Ⅰ,0,0,0,0,0,140,0,強化持続,1,,,,,,,,,,,,,,,,,,,,,
スラッシュアックス,闢暴斧Ⅱ,0,1,0,0,0,180,0,強化持続,2,,,,,,,,,,,,,,,,,,,,,
スラッシュアックス,闢暴斧Ⅲ,0,2,1,0,0,210,0,強化持続,3,,,,,,,,,,,,,,,,,,,,,
スラッシュアックス,ウズ・オラアチャⅠ,0,0,0,0,0,160,0,強化持続,2,,,,,,,,,,,,,,,,,,,,,
スラッシュアックス,ウズ・オラアチャⅡ,0,2,1,0,0,190,0,強化持続,2,,,,,,,,,,,,,,,,,,,,,
スラッシュアックス,ウズ・オラアチャⅢ,0,3,2,0,0,220,0,強化持続,3,,,,,,,,,,,,,,,,,,,,,
スラッシュアックス,波濤剣斧オラアチャ,0,3,2,1,0,240,0,強化持続,3,,,,,,,,,,,,,,,,,,,,,
スラッシュアックス,風戟剣斧Ⅰ,0,0,0,0,0,140,0,集中,2,飛燕,1,,,,,,,,,,,,,,,,,,,
スラッシュアックス,風戟剣斧Ⅱ,0,2,1,0,0,170,0,集中,2,飛燕,1,,,,,,,,,,,,,,,,,,,
スラッシュアックス,風戟剣斧Ⅲ,0,3,2,0,0,200,0,集中,3,飛燕,1,,,,,,,,,,,,,,,,,,,
スラッシュアックス,風戟剣斧サキバミ,0,3,2,1,0,220,0,集中,3,飛燕,1,,,,,,,,,,,,,,,,,,,
スラッシュアックス,ヌ・ザンユⅠ,0,1,0,0,0,170,0,高速変形,2,,,,,,,,,,,,,,,,,,,,,
スラッシュアックス,ヌ・ザンユⅡ,0,3,2,0,0,200,0,高速変形,3,,,,,,,,,,,,,,,,,,,,,
スラッシュアックス,獄焔剣斧ザンユ,0,3,2,1,0,220,0,高速変形,3,,,,,,,,,,,,,,,,,,,,,
スラッシュアックス,護闢暴斧Ⅰ,0,1,0,0,0,180,0,集中,2,,,,,,,,,,,,,,,,,,,,,
スラッシュアックス,護闢暴斧Ⅱ,0,2,2,0,0,220,0,集中,2,,,,,,,,,,,,,,,,,,,,,
スラッシュアックス,護闢暴斧ガルグマケン,0,3,3,1,0,250,0,集中,2,,,,,,,,,,,,,,,,,,,,,
スラッシュアックス,アルラスグレイブⅠ,0,1,0,0,0,160,0,達人芸,1,会心撃【属性】,1,,,,,,,,,,,,,,,,,,,
スラッシュアックス,アルラスグレイブⅡ,0,2,1,0,0,180,0,達人芸,1,会心撃【属性】,1,,,,,,,,,,,,,,,,,,,
スラッシュアックス,リオヴァイスグレイブ,0,3,2,1,0,210,0,達人芸,1,会心撃【属性】,1,,,,,,,,,,,,,,,,,,,
スラッシュアックス,虚無の剣斧Ⅰ,0,1,0,0,0,160,0,強化持続,2,,,,,,,,,,,,,,,,,,,,,
スラッシュアックス,虚無の剣斧Ⅱ,0,2,1,0,0,190,0,強化持続,3,,,,,,,,,,,,,,,,,,,,,
スラッシュアックス,暗斧ブルトゥクス,0,3,2,1,0,210,0,強化持続,3,,,,,,,,,,,,,,,,,,,,,
スラッシュアックス,ガルシュセキュリスⅠ,0,1,1,0,0,170,0,集中,2,,,,,,,,,,,,,,,,,,,,,
スラッシュアックス,ガルシュセキュリスⅡ,0,2,2,0,0,210,0,集中,2,,,,,,,,,,,,,,,,,,,,,
スラッシュアックス,護鎖刃剣斧ガルヴァル,0,3,3,1,0,230,0,集中,2,,,,,,,,,,,,,,,,,,,,,
スラッシュアックス,ビークアックスⅠ,0,2,1,0,0,180,0,強化持続,2,,,,,,,,,,,,,,,,,,,,,
スラッシュアックス,ビークアックスⅡ,0,3,2,0,0,210,0,強化持続,3,,,,,,,,,,,,,,,,,,,,,
スラッシュアックス,ビークックアックス,0,3,2,1,0,220,0,強化持続,3,,,,,,,,,,,,,,,,,,,,,
スラッシュアックス,竜姫の剣斧Ⅰ,0,2,1,0,0,160,0,会心撃【特殊】,2,毒ダメージ強化,1,,,,,,,,,,,,,,,,,,,
スラッシュアックス,竜姫の剣斧Ⅱ,0,3,2,0,0,190,0,会心撃【特殊】,3,毒ダメージ強化,1,,,,,,,,,,,,,,,,,,,
スラッシュアックス,ランドグリーズ,0,3,2,1,0,210,0,会心撃【特殊】,3,毒ダメージ強化,1,,,,,,,,,,,,,,,,,,,
スラッシュアックス,シスカ＝アルジャナルⅠ,0,2,1,0,0,180,0,会心撃【属性】,3,,,,,,,,,,,,,,,,,,,,,
スラッシュアックス,護雷剣斧シスカガルデ,0,3,2,1,0,210,0,会心撃【属性】,3,,,,,,,,,,,,,,,,,,,,,
スラッシュアックス,リオフラムグレイブⅠ,0,2,1,0,0,180,0,超会心,3,,,,,,,,,,,,,,,,,,,,,
スラッシュアックス,リオヴェルグレイブ,0,3,2,1,0,200,0,超会心,3,,,,,,,,,,,,,,,,,,,,,
スラッシュアックス,ウィルofシェイプⅠ,0,3,2,0,0,180,0,会心撃【属性】,3,,,,,,,,,,,,,,,,,,,,,
スラッシュアックス,ウィルofマインド,0,3,2,1,0,200,0,会心撃【属性】,3,,,,,,,,,,,,,,,,,,,,,
スラッシュアックス,アルシュセキュリスⅠ,0,3,2,0,0,200,0,集中,3,,,,,,,,,,,,,,,,,,,,,
スラッシュアックス,アーティアゼーガⅠ,0,2,2,2,0,170,0,,,,,,,,,,,,,,,,,,,,,,,
スラッシュアックス,アーティアゼーガⅡ,0,2,2,2,0,180,0,,,,,,,,,,,,,,,,,,,,,,,
スラッシュアックス,アルトエレガン,0,3,3,3,0,190,0,,,,,,,,,,,,,,,,,,,,,,,
スラッシュアックス,エスペラアックス,0,3,2,1,0,210,0,砥石使用高速化,2,見切り,2,,,,,,,,,,,,,,,,,,,
スラッシュアックス,闢暴斧ヤオガルケン,0,3,2,1,0,230,0,強化持続,3,,,,,,,,,,,,,,,,,,,,,
スラッシュアックス,鎖刃剣斧ペルスヴァル,0,3,2,1,0,220,0,集中,3,,,,,,,,,,,,,,,,,,,,,
チャージアックス,ホープアームズⅠ,0,0,0,0,0,90,0,,,,,,,,,,,,,,,,,,,,,,,
チャージアックス,ホープアームズⅡ,0,0,0,0,0,100,0,砥石使用高速化,1,,,,,,,,,,,,,,,,,,,,,
チャージアックス,ホープアームズⅢ,0,0,0,0,0,130,0,砥石使用高速化,1,見切り,1,,,,,,,,,,,,,,,,,,,
チャージアックス,ホープアームズⅣ,0,2,1,0,0,160,0,砥石使用高速化,2,見切り,1,,,,,,,,,,,,,,,,,,,
チャージアックス,ホープアームズⅤ,0,3,2,0,0,190,0,砥石使用高速化,2,見切り,1,,,,,,,,,,,,,,,,,,,
チャージアックス,ボーンアームズⅠ,0,0,0,0,0,110,0,砲弾装填,1,,,,,,,,,,,,,,,,,,,,,
チャージアックス,ボーンアームズⅡ,0,0,0,0,0,130,0,砲弾装填,1,攻撃,1,,,,,,,,,,,,,,,,,,,
チャージアックス,ボーンアームズⅢ,0,1,0,0,0,170,0,砲弾装填,2,攻撃,1,,,,,,,,,,,,,,,,,,,
チャージアックス,ボーンアームズⅣ,0,2,1,0,0,200,0,砲弾装填,2,攻撃,1,,,,,,,,,,,,,,,,,,,
チャージアックス,ハードボーンアームズ,0,3,2,1,0,230,0,砲弾装填,2,攻撃,2,,,,,,,,,,,,,,,,,,,
チャージアックス,ロートスピーダⅠ,0,0,0,0,0,120,0,高速変形,1,,,,,,,,,,,,,,,,,,,,,
チャージアックス,ロートスピーダⅡ,0,1,0,0,0,160,0,高速変形,2,,,,,,,,,,,,,,,,,,,,,
チャージアックス,ロートスピーダⅢ,0,2,1,0,0,190,0,高速変形,3,,,,,,,,,,,,,,,,,,,,,
チャージアックス,レーガスピーダ,0,3,2,1,0,220,0,高速変形,3,,,,,,,,,,,,,,,,,,,,,
チャージアックス,チャタアームズⅠ,0,0,0,0,0,110,0,ガード性能,1,,,,,,,,,,,,,,,,,,,,,
チャージアックス,チャタアームズⅡ,0,0,0,0,0,150,0,ガード性能,1,砲術,1,,,,,,,,,,,,,,,,,,,
チャージアックス,チャタアームズⅢ,0,2,1,0,0,180,0,ガード性能,2,砲術,1,,,,,,,,,,,,,,,,,,,
チャージアックス,チャタアームズⅣ,0,3,2,0,0,200,0,ガード性能,2,砲術,1,,,,,,,,,,,,,,,,,,,
チャージアックス,ラバラ・ブキリエⅠ,0,0,0,0,0,100,0,抜刀術【技】,1,,,,,,,,,,,,,,,,,,,,,
チャージアックス,ラバラ・ブキリエⅡ,0,0,0,0,0,120,0,抜刀術【技】,1,会心撃【特殊】,1,,,,,,,,,,,,,,,,,,,
チャージアックス,ラバラ・ブキリエⅢ,0,2,1,0,0,150,0,抜刀術【技】,1,会心撃【特殊】,1,,,,,,,,,,,,,,,,,,,
チャージアックス,ラバラ・ブキリエⅣ,0,3,2,0,0,180,0,抜刀術【技】,2,会心撃【特殊】,1,,,,,,,,,,,,,,,,,,,
チャージアックス,刺花盾斧エウメノス,0,3,2,1,0,200,0,抜刀術【技】,2,会心撃【特殊】,1,,,,,,,,,,,,,,,,,,,
チャージアックス,ウズ・ヴァレロヤⅠ,0,0,0,0,0,160,0,強化持続,2,,,,,,,,,,,,,,,,,,,,,
チャージアックス,ウズ・ヴァレロヤⅡ,0,2,1,0,0,190,0,強化持続,2,,,,,,,,,,,,,,,,,,,,,
チャージアックス,ウズ・ヴァレロヤⅢ,0,3,2,0,0,220,0,強化持続,3,,,,,,,,,,,,,,,,,,,,,
チャージアックス,波濤盾斧ヴァレロヤ,0,3,2,1,0,240,0,強化持続,3,,,,,,,,,,,,,,,,,,,,,
チャージアックス,ププロガーダーⅠ,0,0,0,0,0,140,0,ガード強化,2,,,,,,,,,,,,,,,,,,,,,
チャージアックス,ププロガーダーⅡ,0,2,1,0,0,170,0,ガード強化,2,,,,,,,,,,,,,,,,,,,,,
チャージアックス,ププロガーダーⅢ,0,3,2,0,0,200,0,ガード強化,3,,,,,,,,,,,,,,,,,,,,,
チャージアックス,ププロ盾斧デンドーラ,0,3,2,1,0,220,0,ガード強化,3,,,,,,,,,,,,,,,,,,,,,
チャージアックス,レ・アストラペⅠ,0,0,0,0,0,140,0,集中,1,砲弾装填,1,,,,,,,,,,,,,,,,,,,
チャージアックス,レ・アストラペⅡ,0,2,1,0,0,170,0,集中,1,砲弾装填,1,,,,,,,,,,,,,,,,,,,
チャージアックス,レ・アストラペⅢ,0,3,2,0,0,200,0,集中,2,砲弾装填,1,,,,,,,,,,,,,,,,,,,
チャージアックス,煌雷盾斧アストラペ,0,3,2,1,0,220,0,集中,2,砲弾装填,1,,,,,,,,,,,,,,,,,,,
チャージアックス,アラクネスケイルⅠ,0,0,0,0,0,120,0,攻めの守勢,1,ガード性能,1,,,,,,,,,,,,,,,,,,,
チャージアックス,アラクネスケイルⅡ,0,2,1,0,0,150,0,攻めの守勢,1,ガード性能,1,,,,,,,,,,,,,,,,,,,
チャージアックス,アラクネスケイルⅢ,0,3,2,0,0,180,0,攻めの守勢,2,ガード性能,1,,,,,,,,,,,,,,,,,,,
チャージアックス,アラクネサイズ,0,3,2,1,0,200,0,攻めの守勢,2,ガード性能,1,,,,,,,,,,,,,,,,,,,
チャージアックス,風爪盾斧Ⅰ,0,0,0,0,0,140,0,集中,2,飛燕,1,,,,,,,,,,,,,,,,,,,
チャージアックス,風爪盾斧Ⅱ,0,2,1,0,0,170,0,集中,2,飛燕,1,,,,,,,,,,,,,,,,,,,
チャージアックス,風爪盾斧Ⅲ,0,3,2,0,0,200,0,集中,3,飛燕,1,,,,,,,,,,,,,,,,,,,
チャージアックス,風爪盾斧タメバミ,0,3,2,1,0,220,0,集中,3,飛燕,1,,,,,,,,,,,,,,,,,,,
チャージアックス,ヌ・プウェザⅠ,0,1,0,0,0,170,0,高速変形,2,,,,,,,,,,,,,,,,,,,,,
チャージアックス,ヌ・プウェザⅡ,0,3,2,0,0,210,0,高速変形,3,,,,,,,,,,,,,,,,,,,,,
チャージアックス,獄焔盾斧プウェザ,0,3,2,1,0,230,0,高速変形,3,,,,,,,,,,,,,,,,,,,,,
チャージアックス,白炎斧アルリオスⅠ,0,1,0,0,0,160,0,達人芸,1,会心撃【属性】,1,,,,,,,,,,,,,,,,,,,
チャージアックス,白炎斧アルリオスⅡ,0,2,1,0,0,180,0,達人芸,1,会心撃【属性】,1,,,,,,,,,,,,,,,,,,,
チャージアックス,灰滅斧ガルデリオス,0,3,2,1,0,220,0,達人芸,1,会心撃【属性】,1,,,,,,,,,,,,,,,,,,,
チャージアックス,異界の炎Ⅰ,0,1,0,0,0,140,0,攻めの守勢,2,,,,,,,,,,,,,,,,,,,,,
チャージアックス,異界の炎Ⅱ,0,2,1,0,0,170,0,攻めの守勢,3,,,,,,,,,,,,,,,,,,,,,
チャージアックス,遺恨【エンミティ】,0,3,2,1,0,210,0,攻めの守勢,3,,,,,,,,,,,,,,,,,,,,,
チャージアックス,ガルシュブラドラⅠ,0,1,1,0,0,170,0,ガード性能,2,,,,,,,,,,,,,,,,,,,,,
チャージアックス,ガルシュブラドラⅡ,0,2,2,0,0,210,0,ガード性能,2,,,,,,,,,,,,,,,,,,,,,
チャージアックス,護鎖刃盾斧ガルヴァン,0,3,3,1,0,240,0,ガード性能,2,,,,,,,,,,,,,,,,,,,,,
チャージアックス,ポイジングティアⅠ,0,2,1,0,0,180,0,抜刀術【力】,2,抜刀術【技】,1,,,,,,,,,,,,,,,,,,,
チャージアックス,ポイジングティアⅡ,0,2,1,0,0,200,0,抜刀術【力】,2,抜刀術【技】,2,,,,,,,,,,,,,,,,,,,
チャージアックス,ヴェノムシルベルテ,0,3,2,1,0,230,0,抜刀術【力】,3,抜刀術【技】,2,,,,,,,,,,,,,,,,,,,
チャージアックス,ディア＝ルテミスⅠ,0,2,1,0,0,160,0,会心撃【特殊】,2,毒ダメージ強化,1,,,,,,,,,,,,,,,,,,,
チャージアックス,ディア＝ルテミスⅡ,0,3,2,0,0,190,0,会心撃【特殊】,3,毒ダメージ強化,1,,,,,,,,,,,,,,,,,,,
チャージアックス,ディア＝ルテミア,0,3,2,1,0,210,0,会心撃【特殊】,3,毒ダメージ強化,1,,,,,,,,,,,,,,,,,,,
チャージアックス,炎斧アクセリオンⅠ,0,2,1,0,0,190,0,超会心,3,,,,,,,,,,,,,,,,,,,,,
チャージアックス,紅蓮斧ユニオリオン,0,3,2,1,0,210,0,超会心,3,,,,,,,,,,,,,,,,,,,,,
チャージアックス,フォースofフォールⅠ,0,3,2,0,0,180,0,会心撃【属性】,3,,,,,,,,,,,,,,,,,,,,,
チャージアックス,フォースofルイン,0,3,2,1,0,210,0,会心撃【属性】,3,,,,,,,,,,,,,,,,,,,,,
チャージアックス,アルシュブラドラⅠ,0,3,2,0,0,200,0,ガード性能,3,,,,,,,,,,,,,,,,,,,,,
チャージアックス,アーティアガードⅠ,0,2,2,2,0,170,0,,,,,,,,,,,,,,,,,,,,,,,
チャージアックス,アーティアガードⅡ,0,2,2,2,0,180,0,,,,,,,,,,,,,,,,,,,,,,,
チャージアックス,テンプス・ギア,0,3,3,3,0,190,0,,,,,,,,,,,,,,,,,,,,,,,
チャージアックス,エスペラアームズ,0,3,2,1,0,210,0,砥石使用高速化,2,見切り,2,,,,,,,,,,,,,,,,,,,
チャージアックス,纏盾斧ジャマカクタル,0,3,2,1,0,220,0,ガード性能,3,砲術,1,,,,,,,,,,,,,,,,,,,
チャージアックス,鎖刃盾斧ゴーヴァン,0,3,2,1,0,220,0,ガード性能,3,,,,,,,,,,,,,,,,,,,,,
操虫棍,ホープロッドⅠ,0,0,0,0,0,90,0,,,,,,,,,,,,,,,,,,,,,,,
操虫棍,ホープロッドⅡ,0,0,0,0,0,100,0,砥石使用高速化,1,,,,,,,,,,,,,,,,,,,,,
操虫棍,ホープロッドⅢ,0,0,0,0,0,130,0,砥石使用高速化,1,見切り,1,,,,,,,,,,,,,,,,,,,
操虫棍,ホープロッドⅣ,0,2,1,0,0,160,0,砥石使用高速化,2,見切り,1,,,,,,,,,,,,,,,,,,,
操虫棍,ホープロッドⅤ,0,3,2,0,0,190,0,砥石使用高速化,2,見切り,1,,,,,,,,,,,,,,,,,,,
操虫棍,ボーンロッドⅠ,0,0,0,0,0,110,0,集中,1,,,,,,,,,,,,,,,,,,,,,
操虫棍,ボーンロッドⅡ,0,0,0,0,0,130,0,集中,1,攻撃,1,,,,,,,,,,,,,,,,,,,
操虫棍,ボーンロッドⅢ,0,1,0,0,0,170,0,集中,2,攻撃,1,,,,,,,,,,,,,,,,,,,
操虫棍,ボーンロッドⅣ,0,2,1,0,0,200,0,集中,3,攻撃,1,,,,,,,,,,,,,,,,,,,
操虫棍,エアリアルグレイブ,0,3,2,1,0,230,0,集中,3,攻撃,1,,,,,,,,,,,,,,,,,,,
操虫棍,アイアンゲイルⅠ,0,0,0,0,0,120,0,抜刀術【技】,1,,,,,,,,,,,,,,,,,,,,,
操虫棍,アイアンゲイルⅡ,0,1,1,0,0,160,0,抜刀術【技】,2,,,,,,,,,,,,,,,,,,,,,
操虫棍,アイアンゲイルⅢ,0,2,2,0,0,190,0,抜刀術【技】,2,,,,,,,,,,,,,,,,,,,,,
操虫棍,クロムゲイル,0,3,3,1,0,220,0,抜刀術【技】,3,,,,,,,,,,,,,,,,,,,,,
操虫棍,チャタロッドⅠ,0,0,0,0,0,110,0,強化持続,1,,,,,,,,,,,,,,,,,,,,,
操虫棍,チャタロッドⅡ,0,0,0,0,0,150,0,強化持続,2,,,,,,,,,,,,,,,,,,,,,
操虫棍,チャタロッドⅢ,0,2,1,0,0,180,0,強化持続,2,,,,,,,,,,,,,,,,,,,,,
操虫棍,チャタロッドⅣ,0,3,2,0,0,210,0,強化持続,3,,,,,,,,,,,,,,,,,,,,,
操虫棍,ラバラ・アフプニⅠ,0,0,0,0,0,100,0,抜刀術【技】,1,,,,,,,,,,,,,,,,,,,,,
操虫棍,ラバラ・アフプニⅡ,0,0,0,0,0,120,0,抜刀術【技】,1,会心撃【特殊】,1,,,,,,,,,,,,,,,,,,,
操虫棍,ラバラ・アフプニⅢ,0,2,1,0,0,150,0,抜刀術【技】,1,会心撃【特殊】,1,,,,,,,,,,,,,,,,,,,
操虫棍,ラバラ・アフプニⅣ,0,3,2,0,0,180,0,抜刀術【技】,2,会心撃【特殊】,1,,,,,,,,,,,,,,,,,,,
操虫棍,刺花棍ストルペルマ,0,3,2,1,0,200,0,抜刀術【技】,2,会心撃【特殊】,1,,,,,,,,,,,,,,,,,,,
操虫棍,バーラグレイブⅠ,0,0,0,0,0,110,0,強化持続,1,,,,,,,,,,,,,,,,,,,,,
操虫棍,バーラグレイブⅡ,0,1,0,0,0,150,0,強化持続,2,,,,,,,,,,,,,,,,,,,,,
操虫棍,バーラグレイブⅢ,0,2,1,0,0,160,0,強化持続,2,,,,,,,,,,,,,,,,,,,,,
操虫棍,バーラグレイブⅣ,0,3,2,0,0,190,0,強化持続,3,,,,,,,,,,,,,,,,,,,,,
操虫棍,沙海棍ウスラティエ,0,3,2,1,0,210,0,強化持続,3,,,,,,,,,,,,,,,,,,,,,
操虫棍,レ・ハリリンタルⅠ,0,0,0,0,0,140,0,集中,1,チャージマスター,1,,,,,,,,,,,,,,,,,,,
操虫棍,レ・ハリリンタルⅡ,0,2,1,0,0,170,0,集中,1,チャージマスター,1,,,,,,,,,,,,,,,,,,,
操虫棍,レ・ハリリンタルⅢ,0,3,2,0,0,200,0,集中,2,チャージマスター,1,,,,,,,,,,,,,,,,,,,
操虫棍,煌雷棍ハリリンタル,0,3,2,1,0,220,0,集中,2,チャージマスター,1,,,,,,,,,,,,,,,,,,,
操虫棍,スニークロッドⅠ,0,0,0,0,0,120,0,チャージマスター,1,集中,1,,,,,,,,,,,,,,,,,,,
操虫棍,スニークロッドⅡ,0,2,1,0,0,150,0,チャージマスター,1,集中,1,,,,,,,,,,,,,,,,,,,
操虫棍,スニークロッドⅢ,0,3,2,0,0,180,0,チャージマスター,2,集中,1,,,,,,,,,,,,,,,,,,,
操虫棍,ハイスニークロッド,0,3,2,1,0,200,0,チャージマスター,2,集中,1,,,,,,,,,,,,,,,,,,,
操虫棍,赫炎の三叉戟Ⅰ,0,0,0,0,0,130,0,強化持続,2,,,,,,,,,,,,,,,,,,,,,
操虫棍,赫炎の三叉戟Ⅱ,0,2,1,0,0,180,0,強化持続,3,,,,,,,,,,,,,,,,,,,,,
操虫棍,赫炎叉戟バドラ,0,3,2,1,0,210,0,強化持続,3,,,,,,,,,,,,,,,,,,,,,
操虫棍,護火竜棍Ⅰ,0,1,0,0,0,160,0,達人芸,1,会心撃【属性】,1,,,,,,,,,,,,,,,,,,,
操虫棍,護火竜棍Ⅱ,0,2,1,0,0,180,0,達人芸,1,会心撃【属性】,1,,,,,,,,,,,,,,,,,,,
操虫棍,護火竜棍【白妙】,0,3,2,1,0,210,0,達人芸,1,会心撃【属性】,1,,,,,,,,,,,,,,,,,,,
操虫棍,ダハ・チャドⅠ,0,3,2,0,0,190,0,強化持続,3,,,,,,,,,,,,,,,,,,,,,
操虫棍,断崖のグムゲル,0,3,2,1,0,210,0,強化持続,3,,,,,,,,,,,,,,,,,,,,,
操虫棍,異界の三鈷杵Ⅰ,0,1,0,0,0,140,0,集中,2,,,,,,,,,,,,,,,,,,,,,
操虫棍,異界の三鈷杵Ⅱ,0,2,1,0,0,170,0,集中,3,,,,,,,,,,,,,,,,,,,,,
操虫棍,遺戒【テスタメント】,0,3,2,1,0,210,0,集中,3,,,,,,,,,,,,,,,,,,,,,
操虫棍,ガルシュトゥルディスⅠ,0,1,1,0,0,170,0,強化持続,2,,,,,,,,,,,,,,,,,,,,,
操虫棍,ガルシュトゥルディスⅡ,0,2,2,0,0,210,0,強化持続,2,,,,,,,,,,,,,,,,,,,,,
操虫棍,護鎖刃戟ガルシュトア,0,3,3,1,0,240,0,強化持続,2,,,,,,,,,,,,,,,,,,,,,
操虫棍,怪鳥矛Ⅰ,0,2,1,0,0,180,0,強化持続,2,,,,,,,,,,,,,,,,,,,,,
操虫棍,怪鳥矛Ⅱ,0,3,2,0,0,210,0,強化持続,3,,,,,,,,,,,,,,,,,,,,,
操虫棍,赤甲大嘴の怪鳥矛,0,3,2,1,0,220,0,強化持続,3,,,,,,,,,,,,,,,,,,,,,
操虫棍,プリンセスレガリアⅠ,0,2,1,0,0,160,0,会心撃【特殊】,2,毒ダメージ強化,1,,,,,,,,,,,,,,,,,,,
操虫棍,プリンセスレガリアⅡ,0,3,2,0,0,190,0,会心撃【特殊】,3,毒ダメージ強化,1,,,,,,,,,,,,,,,,,,,
操虫棍,クイーンレガリア,0,3,2,1,0,210,0,会心撃【特殊】,3,毒ダメージ強化,1,,,,,,,,,,,,,,,,,,,
操虫棍,カラム＝アルジャナルⅠ,0,2,1,0,0,180,0,会心撃【属性】,3,,,,,,,,,,,,,,,,,,,,,
操虫棍,護雷棍カラムガルデ,0,3,2,1,0,210,0,会心撃【属性】,3,,,,,,,,,,,,,,,,,,,,,
操虫棍,ブリザードロッドⅠ,0,2,1,0,0,200,0,集中,3,,,,,,,,,,,,,,,,,,,,,
操虫棍,サフィードブリザード,0,3,2,1,0,230,0,集中,3,,,,,,,,,,,,,,,,,,,,,
操虫棍,グラビディファーレンⅠ,0,2,2,0,0,220,0,抜刀術【力】,3,,,,,,,,,,,,,,,,,,,,,
操虫棍,グラビアルティーダ,0,3,3,1,0,250,0,抜刀術【力】,3,,,,,,,,,,,,,,,,,,,,,
操虫棍,火竜棍Ⅰ,0,2,1,0,0,180,0,超会心,3,,,,,,,,,,,,,,,,,,,,,
操虫棍,火竜棍【炎舞】,0,3,2,1,0,200,0,超会心,3,,,,,,,,,,,,,,,,,,,,,
操虫棍,エイムofトリックⅠ,0,3,2,0,0,180,0,会心撃【属性】,3,,,,,,,,,,,,,,,,,,,,,
操虫棍,エイムofイリューズ,0,3,2,1,0,200,0,会心撃【属性】,3,,,,,,,,,,,,,,,,,,,,,
操虫棍,アルシュトゥルディスⅠ,0,3,2,0,0,200,0,強化持続,3,,,,,,,,,,,,,,,,,,,,,
操虫棍,アーティアロッドⅠ,0,2,2,2,0,170,0,,,,,,,,,,,,,,,,,,,,,,,
操虫棍,アーティアロッドⅡ,0,2,2,2,0,180,0,,,,,,,,,,,,,,,,,,,,,,,
操虫棍,ディプリエリカ,0,3,3,3,0,190,0,,,,,,,,,,,,,,,,,,,,,,,
操虫棍,エスペラロッド,0,3,2,1,0,210,0,砥石使用高速化,2,見切り,2,,,,,,,,,,,,,,,,,,,
操虫棍,纏棍ラーフポーカ,0,3,2,1,0,230,0,強化持続,3,,,,,,,,,,,,,,,,,,,,,
操虫棍,鎖刃戟トーア,0,3,2,1,0,220,0,強化持続,3,,,,,,,,,,,,,,,,,,,,,
ライトボウガン,ホープバレットⅠ,0,0,0,0,0,90,0,,,,,,,,,,,,,,,,,,,,,,,
ライトボウガン,ホープバレットⅡ,0,0,0,0,0,100,0,弾導強化,1,,,,,,,,,,,,,,,,,,,,,
ライトボウガン,ホープバレットⅢ,0,0,0,0,0,130,0,弾導強化,1,見切り,1,,,,,,,,,,,,,,,,,,,
ライトボウガン,ホープバレットⅣ,0,2,1,0,0,160,0,弾導強化,2,見切り,1,,,,,,,,,,,,,,,,,,,
ライトボウガン,ホープバレットⅤ,0,3,2,0,0,190,0,弾導強化,3,見切り,1,,,,,,,,,,,,,,,,,,,
ライトボウガン,クックアンガーⅠ,0,2,1,0,0,180,0,弾導強化,2,,,,,,,,,,,,,,,,,,,,,
ライトボウガン,クックアンガーⅡ,0,3,2,0,0,210,0,弾導強化,3,,,,,,,,,,,,,,,,,,,,,
ライトボウガン,クックカウンター,0,3,2,1,0,220,0,弾導強化,3,,,,,,,,,,,,,,,,,,,,,
ライトボウガン,レイofヴァイスⅠ,0,3,2,0,0,180,0,会心撃【属性】,3,,,,,,,,,,,,,,,,,,,,,
ライトボウガン,レイofインサニティ,0,3,2,1,0,200,0,会心撃【属性】,3,,,,,,,,,,,,,,,,,,,,,
ライトボウガン,レ・メドルギシュⅠ,0,0,0,0,0,140,0,ファーストショット,1,ＫＯ術,1,,,,,,,,,,,,,,,,,,,
ライトボウガン,レ・メドルギシュⅡ,0,2,1,0,0,170,0,ファーストショット,1,ＫＯ術,1,,,,,,,,,,,,,,,,,,,
ライトボウガン,レ・メドルギシュⅢ,0,3,2,0,0,200,0,ファーストショット,2,ＫＯ術,1,,,,,,,,,,,,,,,,,,,
ライトボウガン,煌雷銃メドルギシュ,0,3,2,1,0,220,0,ファーストショット,2,ＫＯ術,1,,,,,,,,,,,,,,,,,,,
ライトボウガン,闢裂弩Ⅰ,0,0,0,0,0,140,0,ファーストショット,1,,,,,,,,,,,,,,,,,,,,,
ライトボウガン,闢裂弩Ⅱ,0,1,0,0,0,180,0,ファーストショット,2,,,,,,,,,,,,,,,,,,,,,
ライトボウガン,闢裂弩Ⅲ,0,2,1,0,0,210,0,ファーストショット,3,,,,,,,,,,,,,,,,,,,,,
ライトボウガン,護闢裂弩Ⅰ,0,1,1,0,0,190,0,ＫＯ術,2,,,,,,,,,,,,,,,,,,,,,
ライトボウガン,護闢裂弩Ⅱ,0,2,2,0,0,220,0,ＫＯ術,3,,,,,,,,,,,,,,,,,,,,,
ライトボウガン,護闢裂弩ガルグマクレ,0,3,3,1,0,250,0,ＫＯ術,3,,,,,,,,,,,,,,,,,,,,,
ライトボウガン,チェーンブリッツⅠ,0,0,0,0,0,120,0,フォースショット,1,,,,,,,,,,,,,,,,,,,,,
ライトボウガン,チェーンブリッツⅡ,0,1,0,0,0,160,0,フォースショット,2,,,,,,,,,,,,,,,,,,,,,
ライトボウガン,チェーンブリッツⅢ,0,2,1,0,0,190,0,フォースショット,2,,,,,,,,,,,,,,,,,,,,,
ライトボウガン,ハイチェーンブリッツ,0,3,2,1,0,220,0,フォースショット,3,,,,,,,,,,,,,,,,,,,,,
ライトボウガン,タイタングレネードⅠ,0,2,2,0,0,210,0,特殊射撃強化,2,,,,,,,,,,,,,,,,,,,,,
ライトボウガン,タイタンパンツァー,0,3,3,1,0,240,0,特殊射撃強化,2,,,,,,,,,,,,,,,,,,,,,
ライトボウガン,護火竜砲Ⅰ,0,1,0,0,0,160,0,会心撃【属性】,1,弾導強化,1,,,,,,,,,,,,,,,,,,,
ライトボウガン,護火竜砲Ⅱ,0,2,1,0,0,180,0,会心撃【属性】,2,弾導強化,1,,,,,,,,,,,,,,,,,,,
ライトボウガン,白鳳護火竜砲,0,3,2,1,0,210,0,会心撃【属性】,2,弾導強化,1,,,,,,,,,,,,,,,,,,,
ライトボウガン,火竜砲Ⅰ,0,2,1,0,0,180,0,超会心,3,,,,,,,,,,,,,,,,,,,,,
ライトボウガン,鳳仙火竜砲,0,3,2,1,0,200,0,超会心,3,,,,,,,,,,,,,,,,,,,,,
ライトボウガン,アサルトコンガⅠ,0,0,0,0,0,120,0,特殊射撃強化,1,,,,,,,,,,,,,,,,,,,,,
ライトボウガン,アサルトコンガⅡ,0,2,1,1,0,170,0,特殊射撃強化,1,ファーストショット,1,,,,,,,,,,,,,,,,,,,
ライトボウガン,コンバットコンガ,0,3,3,1,0,220,0,特殊射撃強化,2,ファーストショット,1,,,,,,,,,,,,,,,,,,,
ライトボウガン,テイルストリングⅠ,0,2,1,0,0,200,0,ファーストショット,3,,,,,,,,,,,,,,,,,,,,,
ライトボウガン,テイルカタパルト,0,3,2,1,0,230,0,ファーストショット,3,,,,,,,,,,,,,,,,,,,,,
ライトボウガン,ヴァルキリーファイアⅠ,0,2,1,0,0,160,0,フォースショット,2,毒ダメージ強化,1,,,,,,,,,,,,,,,,,,,
ライトボウガン,ヴァルキリーファイアⅡ,0,3,2,0,0,190,0,フォースショット,3,毒ダメージ強化,1,,,,,,,,,,,,,,,,,,,
ライトボウガン,ヴァルキリーフレイム,0,3,2,1,0,210,0,フォースショット,3,毒ダメージ強化,1,,,,,,,,,,,,,,,,,,,
ライトボウガン,ハンターライフルⅠ,0,0,0,0,0,110,0,ファーストショット,1,,,,,,,,,,,,,,,,,,,,,
ライトボウガン,ハンターライフルⅡ,0,0,0,0,0,130,0,ファーストショット,1,攻撃,1,,,,,,,,,,,,,,,,,,,
ライトボウガン,ハンターライフルⅢ,0,1,0,0,0,170,0,ファーストショット,2,攻撃,1,,,,,,,,,,,,,,,,,,,
ライトボウガン,ハンターライフルⅣ,0,2,1,0,0,200,0,ファーストショット,3,攻撃,1,,,,,,,,,,,,,,,,,,,
ライトボウガン,パワーライフル,0,3,2,1,0,230,0,ファーストショット,3,攻撃,1,,,,,,,,,,,,,,,,,,,
ライトボウガン,バル＝アルジャナルⅠ,0,2,1,0,0,180,0,会心撃【属性】,3,,,,,,,,,,,,,,,,,,,,,
ライトボウガン,護雷弩バルガルデ,0,3,2,1,0,210,0,会心撃【属性】,3,,,,,,,,,,,,,,,,,,,,,
ライトボウガン,異界の銃火Ⅰ,0,1,0,0,0,140,0,フォースショット,2,,,,,,,,,,,,,,,,,,,,,
ライトボウガン,異界の銃火Ⅱ,0,2,1,0,0,170,0,フォースショット,3,,,,,,,,,,,,,,,,,,,,,
ライトボウガン,遺霊【スピリット】,0,3,2,1,0,210,0,フォースショット,3,,,,,,,,,,,,,,,,,,,,,
ライトボウガン,赫炎の甲軽弩Ⅰ,0,0,0,0,0,130,0,砲術,2,,,,,,,,,,,,,,,,,,,,,
ライトボウガン,赫炎の甲軽弩Ⅱ,0,2,1,0,0,180,0,砲術,3,,,,,,,,,,,,,,,,,,,,,
ライトボウガン,赫炎甲弩インガダ,0,3,2,1,0,210,0,砲術,3,,,,,,,,,,,,,,,,,,,,,
ライトボウガン,ヌ・ホボトニチェⅠ,0,1,0,0,0,170,0,ファーストショット,2,,,,,,,,,,,,,,,,,,,,,
ライトボウガン,ヌ・ホボトニチェⅡ,0,3,2,0,0,210,0,ファーストショット,3,,,,,,,,,,,,,,,,,,,,,
ライトボウガン,獄焔銃ホボトニチェ,0,3,2,1,0,230,0,ファーストショット,3,,,,,,,,,,,,,,,,,,,,,
ライトボウガン,風剪軽弩Ⅰ,0,0,0,0,0,140,0,フォースショット,2,飛燕,1,,,,,,,,,,,,,,,,,,,
ライトボウガン,風剪軽弩Ⅱ,0,2,1,0,0,170,0,フォースショット,2,飛燕,1,,,,,,,,,,,,,,,,,,,
ライトボウガン,風剪軽弩Ⅲ,0,3,2,0,0,200,0,フォースショット,3,飛燕,1,,,,,,,,,,,,,,,,,,,
ライトボウガン,風剪軽弩ウチバミ,0,3,2,1,0,220,0,フォースショット,3,飛燕,1,,,,,,,,,,,,,,,,,,,
ライトボウガン,ガルシュインペトムⅠ,0,1,1,0,0,160,0,ファーストショット,2,,,,,,,,,,,,,,,,,,,,,
ライトボウガン,ガルシュインペトムⅡ,0,2,2,0,0,200,0,ファーストショット,2,,,,,,,,,,,,,,,,,,,,,
ライトボウガン,護鎖刃軽弩ガルイウス,0,3,3,1,0,230,0,ファーストショット,2,,,,,,,,,,,,,,,,,,,,,
ライトボウガン,アルシュインペトムⅠ,0,3,2,0,0,180,0,ファーストショット,3,,,,,,,,,,,,,,,,,,,,,
ライトボウガン,アーティアブラストⅠ,0,2,2,2,0,170,0,,,,,,,,,,,,,,,,,,,,,,,
ライトボウガン,アーティアブラストⅡ,0,2,2,2,0,180,0,,,,,,,,,,,,,,,,,,,,,,,
ライトボウガン,アムニレーター,0,3,3,3,0,190,0,,,,,,,,,,,,,,,,,,,,,,,
ライトボウガン,エスペラバレット,0,3,2,1,0,210,0,弾導強化,3,見切り,1,,,,,,,,,,,,,,,,,,,
ライトボウガン,闢裂弩レイブオクレ,0,3,2,1,0,240,0,ファーストショット,3,,,,,,,,,,,,,,,,,,,,,
ライトボウガン,鎖刃軽弩カイウス,0,3,2,1,0,200,0,ファーストショット,3,,,,,,,,,,,,,,,,,,,,,
ヘビィボウガン,ホープキャノンⅠ,0,0,0,0,0,90,0,,,,,,,,,,,,,,,,,,,,,,,
ヘビィボウガン,ホープキャノンⅡ,0,0,0,0,0,100,0,弾導強化,1,,,,,,,,,,,,,,,,,,,,,
ヘビィボウガン,ホープキャノンⅢ,0,0,0,0,0,130,0,弾導強化,1,見切り,1,,,,,,,,,,,,,,,,,,,
ヘビィボウガン,ホープキャノンⅣ,0,2,1,0,0,160,0,弾導強化,2,見切り,1,,,,,,,,,,,,,,,,,,,
ヘビィボウガン,ホープキャノンⅤ,0,3,2,0,0,190,0,弾導強化,3,見切り,1,,,,,,,,,,,,,,,,,,,
ヘビィボウガン,チャタバスターⅠ,0,0,0,0,0,110,0,ファーストショット,1,,,,,,,,,,,,,,,,,,,,,
ヘビィボウガン,チャタバスターⅡ,0,0,0,0,0,150,0,ファーストショット,2,,,,,,,,,,,,,,,,,,,,,
ヘビィボウガン,チャタバスターⅢ,0,2,1,0,0,180,0,ファーストショット,2,,,,,,,,,,,,,,,,,,,,,
ヘビィボウガン,チャタバスターⅣ,0,3,2,0,0,210,0,ファーストショット,3,,,,,,,,,,,,,,,,,,,,,
ヘビィボウガン,パワースティンカーⅠ,0,0,0,0,0,120,0,特殊射撃強化,1,,,,,,,,,,,,,,,,,,,,,
ヘビィボウガン,パワースティンカーⅡ,0,2,1,0,0,170,0,特殊射撃強化,1,ファーストショット,1,,,,,,,,,,,,,,,,,,,
ヘビィボウガン,ワイルドスティンカー,0,3,3,1,0,220,0,特殊射撃強化,2,ファーストショット,1,,,,,,,,,,,,,,,,,,,
ヘビィボウガン,ウズ・ダルガプⅠ,0,0,0,0,0,160,0,フォースショット,2,,,,,,,,,,,,,,,,,,,,,
ヘビィボウガン,ウズ・ダルガプⅡ,0,2,1,0,0,190,0,フォースショット,2,,,,,,,,,,,,,,,,,,,,,
ヘビィボウガン,ウズ・ダルガプⅢ,0,3,2,0,0,220,0,フォースショット,3,,,,,,,,,,,,,,,,,,,,,
ヘビィボウガン,波濤砲ダルガプ,0,3,2,1,0,240,0,フォースショット,3,,,,,,,,,,,,,,,,,,,,,
ヘビィボウガン,ププロスナイパーⅠ,0,0,0,0,0,140,0,ガード強化,2,,,,,,,,,,,,,,,,,,,,,
ヘビィボウガン,ププロスナイパーⅡ,0,2,1,0,0,170,0,ガード強化,2,,,,,,,,,,,,,,,,,,,,,
ヘビィボウガン,ププロスナイパーⅢ,0,3,2,0,0,200,0,ガード強化,3,,,,,,,,,,,,,,,,,,,,,
ヘビィボウガン,ププロ銃ラトロトカ,0,3,2,1,0,220,0,ガード強化,3,,,,,,,,,,,,,,,,,,,,,
ヘビィボウガン,ネルバスターガンⅠ,0,0,0,0,0,120,0,攻めの守勢,1,ガード性能,1,,,,,,,,,,,,,,,,,,,
ヘビィボウガン,ネルバスターガンⅡ,0,2,1,0,0,150,0,攻めの守勢,1,ガード性能,1,,,,,,,,,,,,,,,,,,,
ヘビィボウガン,ネルバスターガンⅢ,0,3,2,0,0,180,0,攻めの守勢,2,ガード性能,1,,,,,,,,,,,,,,,,,,,
ヘビィボウガン,バスターブラスター,0,3,2,1,0,200,0,攻めの守勢,2,ガード性能,1,,,,,,,,,,,,,,,,,,,
ヘビィボウガン,ヌ・ムンオⅠ,0,1,0,0,0,170,0,ファーストショット,2,,,,,,,,,,,,,,,,,,,,,
ヘビィボウガン,ヌ・ムンオⅡ,0,3,2,0,0,210,0,ファーストショット,3,,,,,,,,,,,,,,,,,,,,,
ヘビィボウガン,獄焔砲ムンオ,0,3,2,1,0,230,0,ファーストショット,3,,,,,,,,,,,,,,,,,,,,,
ヘビィボウガン,ダハ・ライファルⅠ,0,3,2,0,0,190,0,ガード性能,3,,,,,,,,,,,,,,,,,,,,,
ヘビィボウガン,断崖のマルミリア,0,3,2,1,0,210,0,ガード性能,3,,,,,,,,,,,,,,,,,,,,,
ヘビィボウガン,アイアンアサルトⅠ,0,0,0,0,0,120,0,フォースショット,1,,,,,,,,,,,,,,,,,,,,,
ヘビィボウガン,アイアンアサルトⅡ,0,1,0,0,0,160,0,フォースショット,2,,,,,,,,,,,,,,,,,,,,,
ヘビィボウガン,アイアンアサルトⅢ,0,2,1,0,0,190,0,フォースショット,3,,,,,,,,,,,,,,,,,,,,,
ヘビィボウガン,スティールアサルト,0,3,2,1,0,220,0,フォースショット,3,,,,,,,,,,,,,,,,,,,,,
ヘビィボウガン,ボーンシューターⅠ,0,0,0,0,0,110,0,ガード性能,1,,,,,,,,,,,,,,,,,,,,,
ヘビィボウガン,ボーンシューターⅡ,0,0,0,0,0,130,0,ガード性能,1,攻撃,1,,,,,,,,,,,,,,,,,,,
ヘビィボウガン,ボーンシューターⅢ,0,1,0,0,0,170,0,ガード性能,2,攻撃,1,,,,,,,,,,,,,,,,,,,
ヘビィボウガン,ボーンシューターⅣ,0,2,1,0,0,200,0,ガード性能,3,攻撃,1,,,,,,,,,,,,,,,,,,,
ヘビィボウガン,ヘビィシューター,0,3,2,1,0,230,0,ガード性能,3,攻撃,1,,,,,,,,,,,,,,,,,,,
ヘビィボウガン,イャンクック砲Ⅰ,0,2,1,0,0,180,0,ＫＯ術,2,,,,,,,,,,,,,,,,,,,,,
ヘビィボウガン,イャンクック砲Ⅱ,0,3,2,0,0,210,0,ＫＯ術,3,,,,,,,,,,,,,,,,,,,,,
ヘビィボウガン,イャンクック大砲,0,3,2,1,0,220,0,ＫＯ術,3,,,,,,,,,,,,,,,,,,,,,
ヘビィボウガン,タンクメイジⅠ,0,2,1,0,0,180,0,ガード性能,2,,,,,,,,,,,,,,,,,,,,,
ヘビィボウガン,タンクメイジⅡ,0,2,1,0,0,200,0,ガード性能,3,,,,,,,,,,,,,,,,,,,,,
ヘビィボウガン,タンクソーサラー,0,3,2,1,0,230,0,ガード性能,3,,,,,,,,,,,,,,,,,,,,,
ヘビィボウガン,妃竜砲【遠撃】Ⅰ,0,2,1,0,0,160,0,フォースショット,2,毒ダメージ強化,1,,,,,,,,,,,,,,,,,,,
ヘビィボウガン,妃竜砲【遠撃】Ⅱ,0,3,2,0,0,190,0,フォースショット,3,毒ダメージ強化,1,,,,,,,,,,,,,,,,,,,
ヘビィボウガン,妃竜砲【飛撃】,0,3,2,1,0,210,0,フォースショット,3,毒ダメージ強化,1,,,,,,,,,,,,,,,,,,,
ヘビィボウガン,テルマ＝アルジャナルⅠ,0,2,1,0,0,180,0,会心撃【属性】,3,,,,,,,,,,,,,,,,,,,,,
ヘビィボウガン,護雷重弩テルマガルデ,0,3,2,1,0,210,0,会心撃【属性】,3,,,,,,,,,,,,,,,,,,,,,
ヘビィボウガン,グラビモスハウルⅠ,0,2,1,0,0,210,0,ガード強化,3,,,,,,,,,,,,,,,,,,,,,
ヘビィボウガン,グラビドギガハウル,0,3,2,1,0,240,0,ガード強化,3,,,,,,,,,,,,,,,,,,,,,
ヘビィボウガン,トリガーofハザードⅠ,0,3,2,0,0,180,0,会心撃【属性】,3,,,,,,,,,,,,,,,,,,,,,
ヘビィボウガン,トリガーofデマイズ,0,3,2,1,0,200,0,会心撃【属性】,3,,,,,,,,,,,,,,,,,,,,,
ヘビィボウガン,ガルシュトルメントムⅠ,0,1,1,0,0,170,0,フォースショット,2,,,,,,,,,,,,,,,,,,,,,
ヘビィボウガン,ガルシュトルメントムⅡ,0,2,2,0,0,210,0,フォースショット,2,,,,,,,,,,,,,,,,,,,,,
ヘビィボウガン,護鎖刃砲ガルシュデス,0,3,3,1,0,240,0,フォースショット,2,,,,,,,,,,,,,,,,,,,,,
ヘビィボウガン,アルシュトルメントムⅠ,0,3,2,0,0,200,0,フォースショット,3,,,,,,,,,,,,,,,,,,,,,
ヘビィボウガン,アーティアバスターⅠ,0,2,2,2,0,170,0,,,,,,,,,,,,,,,,,,,,,,,
ヘビィボウガン,アーティアバスターⅡ,0,2,2,2,0,180,0,,,,,,,,,,,,,,,,,,,,,,,
ヘビィボウガン,グライフェン,0,3,3,3,0,190,0,,,,,,,,,,,,,,,,,,,,,,,
ヘビィボウガン,エスペラキャノン,0,3,2,1,0,210,0,弾導強化,3,見切り,1,,,,,,,,,,,,,,,,,,,
ヘビィボウガン,纏砲モッティカマン,0,3,2,1,0,230,0,ファーストショット,3,,,,,,,,,,,,,,,,,,,,,
ヘビィボウガン,鎖刃砲パラメデス,0,3,2,1,0,220,0,フォースショット,3,,,,,,,,,,,,,,,,,,,,,
弓,ホープボウⅠ,0,0,0,0,0,90,0,,,,,,,,,,,,,,,,,,,,,,,
弓,ホープボウⅡ,0,0,0,0,0,100,0,弾導強化,1,,,,,,,,,,,,,,,,,,,,,
弓,ホープボウⅢ,0,0,0,0,0,130,0,弾導強化,1,見切り,1,,,,,,,,,,,,,,,,,,,
弓,ホープボウⅣ,0,2,1,0,0,160,0,弾導強化,2,見切り,1,,,,,,,,,,,,,,,,,,,
弓,ホープボウⅤ,0,3,2,0,0,190,0,弾導強化,3,見切り,1,,,,,,,,,,,,,,,,,,,
弓,虚無の弓Ⅰ,0,1,0,0,0,160,0,集中,2,,,,,,,,,,,,,,,,,,,,,
弓,虚無の弓Ⅱ,0,2,1,0,0,190,0,集中,3,,,,,,,,,,,,,,,,,,,,,
弓,暗弓ブースウィル,0,3,2,1,0,230,0,集中,3,,,,,,,,,,,,,,,,,,,,,
弓,レ・ペルコンスⅠ,0,0,0,0,0,140,0,集中,1,特殊射撃強化,1,,,,,,,,,,,,,,,,,,,
弓,レ・ペルコンスⅡ,0,2,1,0,0,170,0,集中,1,特殊射撃強化,1,,,,,,,,,,,,,,,,,,,
弓,レ・ペルコンスⅢ,0,3,2,0,0,200,0,集中,2,特殊射撃強化,1,,,,,,,,,,,,,,,,,,,
弓,煌雷弓ペルコンス,0,3,2,1,0,220,0,集中,2,特殊射撃強化,1,,,,,,,,,,,,,,,,,,,
弓,風甲弓Ⅰ,0,0,0,0,0,140,0,集中,2,飛燕,1,,,,,,,,,,,,,,,,,,,
弓,風甲弓Ⅱ,0,2,1,0,0,170,0,集中,2,飛燕,1,,,,,,,,,,,,,,,,,,,
弓,風甲弓Ⅲ,0,3,2,0,0,200,0,集中,3,飛燕,1,,,,,,,,,,,,,,,,,,,
弓,風甲弓イバミ,0,3,2,1,0,220,0,集中,3,飛燕,1,,,,,,,,,,,,,,,,,,,
弓,ケマスアルコⅠ,0,0,0,0,0,100,0,集中,1,,,,,,,,,,,,,,,,,,,,,
弓,ケマスアルコⅡ,0,0,0,0,0,140,0,集中,2,,,,,,,,,,,,,,,,,,,,,
弓,ケマスアルコⅢ,0,2,1,0,0,170,0,集中,2,,,,,,,,,,,,,,,,,,,,,
弓,ケマスアルコⅣ,0,3,2,0,0,210,0,集中,3,,,,,,,,,,,,,,,,,,,,,
弓,炎尾弓リビオラ,0,3,2,1,0,220,0,集中,3,,,,,,,,,,,,,,,,,,,,,
弓,竜穿弓Ⅰ,0,0,0,0,0,120,0,フォースショット,1,,,,,,,,,,,,,,,,,,,,,
弓,竜穿弓Ⅱ,0,1,0,0,0,160,0,フォースショット,2,,,,,,,,,,,,,,,,,,,,,
弓,竜穿弓Ⅲ,0,2,1,0,0,190,0,フォースショット,3,,,,,,,,,,,,,,,,,,,,,
弓,真・竜穿弓,0,3,2,1,0,220,0,フォースショット,3,,,,,,,,,,,,,,,,,,,,,
弓,アルラスボウⅠ,0,1,0,0,0,160,0,会心撃【属性】,1,弾導強化,1,,,,,,,,,,,,,,,,,,,
弓,アルラスボウⅡ,0,2,1,0,0,180,0,会心撃【属性】,2,弾導強化,1,,,,,,,,,,,,,,,,,,,
弓,エスピキュラ,0,3,2,1,0,210,0,会心撃【属性】,2,弾導強化,1,,,,,,,,,,,,,,,,,,,
弓,プロミネンスボウⅠ,0,2,1,0,0,180,0,超会心,3,,,,,,,,,,,,,,,,,,,,,
弓,ダークフィラメント,0,3,2,1,0,200,0,超会心,3,,,,,,,,,,,,,,,,,,,,,
弓,クイーンブラスターⅠ,0,2,1,0,0,160,0,フォースショット,2,毒ダメージ強化,1,,,,,,,,,,,,,,,,,,,
弓,クイーンブラスターⅡ,0,3,2,0,0,190,0,フォースショット,3,毒ダメージ強化,1,,,,,,,,,,,,,,,,,,,
弓,クイーンエテノルク,0,3,2,1,0,210,0,フォースショット,3,毒ダメージ強化,1,,,,,,,,,,,,,,,,,,,
弓,スキュラフィストⅠ,0,0,0,0,0,120,0,チャージマスター,1,集中,1,,,,,,,,,,,,,,,,,,,
弓,スキュラフィストⅡ,0,2,1,0,0,150,0,チャージマスター,1,集中,1,,,,,,,,,,,,,,,,,,,
弓,スキュラフィストⅢ,0,3,2,0,0,180,0,チャージマスター,2,集中,1,,,,,,,,,,,,,,,,,,,
弓,ネルスルペレザ,0,3,2,1,0,210,0,チャージマスター,2,集中,1,,,,,,,,,,,,,,,,,,,
弓,闢虐弓Ⅰ,0,0,0,0,0,140,0,スタミナ奪取,1,,,,,,,,,,,,,,,,,,,,,
弓,闢虐弓Ⅱ,0,1,1,0,0,180,0,スタミナ奪取,2,,,,,,,,,,,,,,,,,,,,,
弓,闢虐弓Ⅲ,0,2,2,0,0,210,0,スタミナ奪取,3,,,,,,,,,,,,,,,,,,,,,
弓,護闢虐弓Ⅰ,0,1,0,0,0,180,0,弾導強化,1,特殊射撃強化,1,,,,,,,,,,,,,,,,,,,
弓,護闢虐弓Ⅱ,0,2,2,0,0,220,0,弾導強化,2,特殊射撃強化,1,,,,,,,,,,,,,,,,,,,
弓,護闢虐弓ガルグマクス,0,3,3,1,0,250,0,弾導強化,2,特殊射撃強化,1,,,,,,,,,,,,,,,,,,,
弓,ハンターボウⅠ,0,0,0,0,0,110,0,集中,1,,,,,,,,,,,,,,,,,,,,,
弓,ハンターボウⅡ,0,0,0,0,0,130,0,集中,1,攻撃,1,,,,,,,,,,,,,,,,,,,
弓,ハンターボウⅢ,0,1,0,0,0,170,0,集中,2,攻撃,1,,,,,,,,,,,,,,,,,,,
弓,ハンターボウⅣ,0,2,1,0,0,200,0,集中,3,攻撃,1,,,,,,,,,,,,,,,,,,,
弓,パワーハンターボウ,0,3,2,1,0,230,0,集中,3,攻撃,1,,,,,,,,,,,,,,,,,,,
弓,レラ＝アルジャナルⅠ,0,2,1,0,0,180,0,会心撃【属性】,3,,,,,,,,,,,,,,,,,,,,,
弓,護雷弓レラガルデ,0,3,2,1,0,200,0,会心撃【属性】,3,,,,,,,,,,,,,,,,,,,,,
弓,ウズ・フイリャクⅠ,0,0,0,0,0,160,0,フォースショット,2,,,,,,,,,,,,,,,,,,,,,
弓,ウズ・フイリャクⅡ,0,2,1,0,0,190,0,フォースショット,2,,,,,,,,,,,,,,,,,,,,,
弓,ウズ・フイリャクⅢ,0,3,2,0,0,220,0,フォースショット,3,,,,,,,,,,,,,,,,,,,,,
弓,波濤弓フイリャク,0,3,2,1,0,240,0,フォースショット,3,,,,,,,,,,,,,,,,,,,,,
弓,ビジョンofロストⅠ,0,3,2,0,0,180,0,会心撃【属性】,3,,,,,,,,,,,,,,,,,,,,,
弓,ビジョンofディスペア,0,3,2,1,0,210,0,会心撃【属性】,3,,,,,,,,,,,,,,,,,,,,,
弓,パワーワイルドボウⅠ,0,0,0,0,0,120,0,特殊射撃強化,1,,,,,,,,,,,,,,,,,,,,,
弓,パワーワイルドボウⅡ,0,2,1,0,0,170,0,特殊射撃強化,1,チャージマスター,1,,,,,,,,,,,,,,,,,,,
弓,密林のカルファード,0,3,3,1,0,220,0,特殊射撃強化,2,チャージマスター,1,,,,,,,,,,,,,,,,,,,
弓,ブラン＝シャルガⅠ,0,2,1,0,0,200,0,フォースショット,3,,,,,,,,,,,,,,,,,,,,,
弓,シンハ＝シャルガ,0,3,2,1,0,230,0,フォースショット,3,,,,,,,,,,,,,,,,,,,,,
弓,鳥幣弓Ⅰ,0,2,1,0,0,170,0,チャージマスター,2,,,,,,,,,,,,,,,,,,,,,
弓,鳥幣弓Ⅱ,0,3,2,0,0,190,0,チャージマスター,3,,,,,,,,,,,,,,,,,,,,,
弓,怪鳥幣弓,0,3,2,1,0,200,0,チャージマスター,3,,,,,,,,,,,,,,,,,,,,,
弓,ガルシュアルクムⅠ,0,1,1,0,0,170,0,集中,2,,,,,,,,,,,,,,,,,,,,,
弓,ガルシュアルクムⅡ,0,2,2,0,0,210,0,集中,2,,,,,,,,,,,,,,,,,,,,,
弓,護鎖刃弓ガルストラム,0,3,3,1,0,240,0,集中,2,,,,,,,,,,,,,,,,,,,,,
弓,アルシュアルクムⅠ,0,3,2,0,0,200,0,集中,3,,,,,,,,,,,,,,,,,,,,,
弓,アーティアルークⅠ,0,2,2,2,0,170,0,,,,,,,,,,,,,,,,,,,,,,,
弓,アーティアルークⅡ,0,2,2,2,0,180,0,,,,,,,,,,,,,,,,,,,,,,,
弓,アンギルバイン,0,3,3,3,0,190,0,,,,,,,,,,,,,,,,,,,,,,,
弓,エスペラボウ,0,3,2,1,0,220,0,弾導強化,3,見切り,1,,,,,,,,,,,,,,,,,,,
弓,闢虐弓カリステクス,0,3,3,1,0,240,0,スタミナ奪取,3,,,,,,,,,,,,,,,,,,,,,
弓,鎖刃弓トリストラム,0,3,2,1,0,220,0,集中,3,,,,,,,,,,,,,,,,,,,,,
ガンランス,ゾ・ラエルⅠ,0,3,2,0,0,210,0,白熾の奔流,1,,,,,,,,,,,,,,,,,,,,,
ガンランス,熾光たるラエル,0,3,2,1,0,220,0,白熾の奔流,1,,,,,,,,,,,,,,,,,,,,,
ガンランス,狐灯槍ウキヨノヤミヲⅠ,0,2,1,0,0,180,0,濡れ刃紋,2,会心撃【属性】,1,,,,,,,,,,,,,,,,,,,
ガンランス,さばへなす荒槍の水守,0,3,2,1,0,210,0,濡れ刃紋,3,会心撃【属性】,1,,,,,,,,,,,,,,,,,,,
スラッシュアックス,ゾ・マハーヤⅠ,0,3,2,0,0,210,0,白熾の奔流,1,,,,,,,,,,,,,,,,,,,,,
スラッシュアックス,熾光たるマハーヤ,0,3,2,1,0,220,0,白熾の奔流,1,,,,,,,,,,,,,,,,,,,,,
スラッシュアックス,狐剣斧ワカレヲサソフⅠ,0,2,1,0,0,180,0,濡れ刃紋,2,会心撃【属性】,1,,,,,,,,,,,,,,,,,,,
スラッシュアックス,にはたづみ流斧の彫字,0,3,2,1,0,210,0,濡れ刃紋,3,会心撃【属性】,1,,,,,,,,,,,,,,,,,,,
チャージアックス,ゾ・エレームⅠ,0,3,2,0,0,210,0,白熾の奔流,1,,,,,,,,,,,,,,,,,,,,,
チャージアックス,熾光たるエレーム,0,3,2,1,0,220,0,白熾の奔流,1,,,,,,,,,,,,,,,,,,,,,
チャージアックス,狐衣斧ミズニヤドレルⅠ,0,2,1,0,0,180,0,濡れ刃紋,2,会心撃【属性】,1,,,,,,,,,,,,,,,,,,,
チャージアックス,しろたへの衣斧の御帝,0,3,2,1,0,210,0,濡れ刃紋,3,会心撃【属性】,1,,,,,,,,,,,,,,,,,,,
ハンマー,ゾ・ウーリアⅠ,0,3,2,0,0,210,0,白熾の奔流,1,,,,,,,,,,,,,,,,,,,,,
ハンマー,熾光たるウーリア,0,3,2,1,0,220,0,白熾の奔流,1,,,,,,,,,,,,,,,,,,,,,
ハンマー,狐鎚ツキヲイザナイⅠ,0,2,1,0,0,180,0,濡れ刃紋,2,会心撃【属性】,1,,,,,,,,,,,,,,,,,,,
ハンマー,おきつなみ撓鎚の華石,0,3,2,1,0,210,0,濡れ刃紋,3,会心撃【属性】,1,,,,,,,,,,,,,,,,,,,
ヘビィボウガン,ゾ・ミトランⅠ,0,3,2,0,0,210,0,白熾の奔流,1,,,,,,,,,,,,,,,,,,,,,
ヘビィボウガン,熾光たるミトラン,0,3,2,1,0,220,0,白熾の奔流,1,,,,,,,,,,,,,,,,,,,,,
ヘビィボウガン,狐重砲ハライニケリナⅠ,0,2,1,0,0,180,0,濡れ刃紋,2,会心撃【属性】,1,,,,,,,,,,,,,,,,,,,
ヘビィボウガン,あしひきの山砲の御車,0,3,2,1,0,210,0,濡れ刃紋,3,会心撃【属性】,1,,,,,,,,,,,,,,,,,,,
ライトボウガン,ゾ・カイヤーⅠ,0,3,2,0,0,210,0,白熾の奔流,1,,,,,,,,,,,,,,,,,,,,,
ライトボウガン,熾光たるカイヤー,0,3,2,1,0,220,0,白熾の奔流,1,,,,,,,,,,,,,,,,,,,,,
ライトボウガン,狐水銃シズクトキユルⅠ,0,2,1,0,0,180,0,濡れ刃紋,2,会心撃【属性】,1,,,,,,,,,,,,,,,,,,,
ライトボウガン,あまとぶや軽弩の水珠,0,3,2,1,0,210,0,濡れ刃紋,3,会心撃【属性】,1,,,,,,,,,,,,,,,,,,,
ランス,ゾ・シタールⅠ,0,3,2,0,0,210,0,白熾の奔流,1,,,,,,,,,,,,,,,,,,,,,
ランス,熾光たるシタール,0,3,2,1,0,220,0,白熾の奔流,1,,,,,,,,,,,,,,,,,,,,,
ランス,狐槍ハナモハナナレⅠ,0,2,1,0,0,180,0,濡れ刃紋,2,会心撃【属性】,1,,,,,,,,,,,,,,,,,,,
ランス,きみがきる笠槍の突刺,0,3,2,1,0,210,0,濡れ刃紋,3,会心撃【属性】,1,,,,,,,,,,,,,,,,,,,
双剣,ゾ・イェリアⅠ,0,3,2,0,0,210,0,白熾の奔流,1,,,,,,,,,,,,,,,,,,,,,
双剣,熾光たるイェリア,0,3,2,1,0,220,0,白熾の奔流,1,,,,,,,,,,,,,,,,,,,,,
双剣,狐双刃アカツキノソラⅠ,0,2,1,0,0,180,0,濡れ刃紋,2,会心撃【属性】,1,,,,,,,,,,,,,,,,,,,
双剣,つるぎたち研刃の切耶,0,3,2,1,0,210,0,濡れ刃紋,3,会心撃【属性】,1,,,,,,,,,,,,,,,,,,,
大剣,ゾ・ヴィヤーⅠ,0,3,2,0,0,210,0,白熾の奔流,1,,,,,,,,,,,,,,,,,,,,,
大剣,熾光たるヴィヤー,0,3,2,1,0,220,0,白熾の奔流,1,,,,,,,,,,,,,,,,,,,,,
大剣,狐大剣ハナヤコヨヒノⅠ,0,2,1,0,0,180,0,濡れ刃紋,2,会心撃【属性】,1,,,,,,,,,,,,,,,,,,,
大剣,あかねさす紫剣の朝斬,0,3,2,1,0,210,0,濡れ刃紋,3,会心撃【属性】,1,,,,,,,,,,,,,,,,,,,
太刀,ゾ・ラフィルⅠ,0,3,2,0,0,210,0,白熾の奔流,1,,,,,,,,,,,,,,,,,,,,,
太刀,熾光たるラフィル,0,3,2,1,0,220,0,白熾の奔流,1,,,,,,,,,,,,,,,,,,,,,
太刀,狐刀カカルクモナキⅠ,0,2,1,0,0,180,0,濡れ刃紋,2,会心撃【属性】,1,,,,,,,,,,,,,,,,,,,
太刀,たまのをの絶刀の斬振,0,3,2,1,0,210,0,濡れ刃紋,3,会心撃【属性】,1,,,,,,,,,,,,,,,,,,,
弓,ゾ・サミーラⅠ,0,3,2,0,0,210,0,白熾の奔流,1,,,,,,,,,,,,,,,,,,,,,
弓,熾光たるサミーラ,0,3,2,1,0,220,0,白熾の奔流,1,,,,,,,,,,,,,,,,,,,,,
弓,狐弓ツユノタマノヲⅠ,0,2,1,0,0,180,0,濡れ刃紋,2,会心撃【属性】,1,,,,,,,,,,,,,,,,,,,
弓,なぐるやの遠弓の真弦,0,3,2,1,0,210,0,濡れ刃紋,3,会心撃【属性】,1,,,,,,,,,,,,,,,,,,,
操虫棍,ゾ・カティラⅠ,0,3,2,0,0,210,0,白熾の奔流,1,,,,,,,,,,,,,,,,,,,,,
操虫棍,熾光たるカティラ,0,3,2,1,0,220,0,白熾の奔流,1,,,,,,,,,,,,,,,,,,,,,
操虫棍,狐薙刀ツユサソウランⅠ,0,2,1,0,0,180,0,濡れ刃紋,2,会心撃【属性】,1,,,,,,,,,,,,,,,,,,,
操虫棍,すがのねの長薙の巴,0,3,2,1,0,210,0,濡れ刃紋,3,会心撃【属性】,1,,,,,,,,,,,,,,,,,,,
片手剣,ゾ・ミハーラⅠ,0,3,2,0,0,210,0,白熾の奔流,1,,,,,,,,,,,,,,,,,,,,,
片手剣,熾光たるミハーラ,0,3,2,1,0,220,0,白熾の奔流,1,,,,,,,,,,,,,,,,,,,,,
片手剣,狐扇ハナノナゴリヲⅠ,0,2,1,0,0,180,0,濡れ刃紋,2,会心撃【属性】,1,,,,,,,,,,,,,,,,,,,
片手剣,くれなゐの色扇の薄重,0,3,2,1,0,210,0,濡れ刃紋,3,会心撃【属性】,1,,,,,,,,,,,,,,,,,,,
狩猟笛,ゾ・ガヴリアⅠ,0,3,2,0,0,210,0,白熾の奔流,1,,,,,,,,,,,,,,,,,,,,,
狩猟笛,熾光たるガヴリア,0,3,2,1,0,220,0,白熾の奔流,1,,,,,,,,,,,,,,,,,,,,,
狩猟笛,狐鈴コトノハナクテⅠ,0,2,1,0,0,180,0,濡れ刃紋,2,会心撃【属性】,1,,,,,,,,,,,,,,,,,,,
狩猟笛,なるかみの音鈴の乙鳴,0,3,2,1,0,210,0,濡れ刃紋,3,会心撃【属性】,1,,,,,,,,,,,,,,,,,,,
ガンランス,アスファアルダナブⅠ,0,3,2,0,0,200,0,刃鱗研装,1,,,,,,,,,,,,,,,,,,,,,
ガンランス,叛銃槍アルダナブ,0,3,2,1,0,220,0,刃鱗研装,1,,,,,,,,,,,,,,,,,,,,,
ガンランス,砲モロコシ,0,2,1,0,0,160,0,焼き砲モロコシ,1,,,,,,,,,,,,,,,,,,,,,
ガンランス,大砲モロコシ,0,3,2,0,0,190,0,焼き砲モロコシ,1,,,,,,,,,,,,,,,,,,,,,
ガンランス,ラギアバーストⅠ,0,3,2,0,0,200,0,耐性変換【雷】,1,攻めの守勢,2,,,,,,,,,,,,,,,,,,,
ガンランス,雷銃槍エクスラギア,0,3,2,1,0,220,0,耐性変換【雷】,1,攻めの守勢,2,,,,,,,,,,,,,,,,,,,
スラッシュアックス,アクサアルダバランⅠ,0,3,2,0,0,190,0,刃鱗研装,1,,,,,,,,,,,,,,,,,,,,,
スラッシュアックス,叛伐斧アルダバラン,0,3,2,1,0,210,0,刃鱗研装,1,,,,,,,,,,,,,,,,,,,,,
スラッシュアックス,ボルトアックスⅠ,0,3,2,0,0,200,0,耐性変換【雷】,1,強化持続,2,,,,,,,,,,,,,,,,,,,
スラッシュアックス,ハイボルトアックス,0,3,2,1,0,220,0,耐性変換【雷】,1,強化持続,2,,,,,,,,,,,,,,,,,,,
チャージアックス,アスラトアルマイサⅠ,0,3,2,0,0,190,0,刃鱗研装,1,,,,,,,,,,,,,,,,,,,,,
チャージアックス,叛盾斧アルマイサ,0,3,2,1,0,210,0,刃鱗研装,1,,,,,,,,,,,,,,,,,,,,,
チャージアックス,ラギアストロムⅠ,0,3,2,0,0,200,0,耐性変換【雷】,1,砲術,2,,,,,,,,,,,,,,,,,,,
チャージアックス,雷盾斧ヴァンクロム,0,3,2,1,0,220,0,耐性変換【雷】,1,砲術,2,,,,,,,,,,,,,,,,,,,
ハンマー,マトラカアルグルⅠ,0,3,2,0,0,190,0,刃鱗研装,1,,,,,,,,,,,,,,,,,,,,,
ハンマー,叛鎚アルグル,0,3,2,1,0,210,0,刃鱗研装,1,,,,,,,,,,,,,,,,,,,,,
ハンマー,ボルテックハンマーⅠ,0,3,2,0,0,200,0,耐性変換【雷】,1,ＫＯ術,2,,,,,,,,,,,,,,,,,,,
ハンマー,ハイボルテック,0,3,2,1,0,220,0,耐性変換【雷】,1,ＫＯ術,2,,,,,,,,,,,,,,,,,,,
ヘビィボウガン,サイドアルシャマリⅠ,0,3,2,0,0,180,0,刃鱗増装,1,回避装填,1,,,,,,,,,,,,,,,,,,,
ヘビィボウガン,叛砲アルシャマリ,0,3,2,1,0,200,0,刃鱗増装,1,回避装填,1,,,,,,,,,,,,,,,,,,,
ヘビィボウガン,ラギアブリッツⅠ,0,3,2,0,0,200,0,耐性変換【雷】,1,フォースショット,2,,,,,,,,,,,,,,,,,,,
ヘビィボウガン,雷砲ラギアブリッツ,0,3,2,1,0,220,0,耐性変換【雷】,1,フォースショット,2,,,,,,,,,,,,,,,,,,,
ライトボウガン,ラサーサアルシアラⅠ,0,3,2,0,0,190,0,刃鱗増装,1,回避装填,1,,,,,,,,,,,,,,,,,,,
ライトボウガン,叛弩アルシアラ,0,3,2,1,0,210,0,刃鱗増装,1,回避装填,1,,,,,,,,,,,,,,,,,,,
ライトボウガン,雷砲サンダークルスⅠ,0,3,2,0,0,200,0,耐性変換【雷】,1,フォースショット,2,,,,,,,,,,,,,,,,,,,
ライトボウガン,雷迅砲サンダークルス,0,3,2,1,0,220,0,耐性変換【雷】,1,フォースショット,2,,,,,,,,,,,,,,,,,,,
ランス,ハルバアルメンカルⅠ,0,3,2,0,0,190,0,刃鱗研装,1,,,,,,,,,,,,,,,,,,,,,
ランス,叛槍アルメンカル,0,3,2,1,0,210,0,刃鱗研装,1,,,,,,,,,,,,,,,,,,,,,
ランス,クルスランスⅠ,0,3,2,0,0,200,0,耐性変換【雷】,1,ガード性能,2,,,,,,,,,,,,,,,,,,,
ランス,ハイクルスランス,0,3,2,1,0,220,0,耐性変換【雷】,1,ガード性能,2,,,,,,,,,,,,,,,,,,,
双剣,ザクンアルギエバⅠ,0,3,2,0,0,190,0,刃鱗研装,1,,,,,,,,,,,,,,,,,,,,,
双剣,叛爪アルギエバ,0,3,2,1,0,210,0,刃鱗研装,1,,,,,,,,,,,,,,,,,,,,,
双剣,ツインクルスⅠ,0,3,2,0,0,200,0,耐性変換【雷】,1,強化持続,2,,,,,,,,,,,,,,,,,,,
双剣,雷双剣ツインクルス,0,3,2,1,0,220,0,耐性変換【雷】,1,強化持続,2,,,,,,,,,,,,,,,,,,,
大剣,チェーダアルザバルⅠ,0,3,2,0,0,190,0,刃鱗研装,1,,,,,,,,,,,,,,,,,,,,,
大剣,叛断刀アルザバル,0,3,2,1,0,210,0,刃鱗研装,1,,,,,,,,,,,,,,,,,,,,,
大剣,ラギアブレイドⅠ,0,3,2,0,0,200,0,耐性変換【雷】,1,集中,2,,,,,,,,,,,,,,,,,,,
大剣,ハイラギアブレイド,0,3,2,1,0,220,0,耐性変換【雷】,1,集中,2,,,,,,,,,,,,,,,,,,,
太刀,シミターアルナジトⅠ,0,3,2,0,0,190,0,刃鱗研装,1,,,,,,,,,,,,,,,,,,,,,
太刀,叛刃アルナジト,0,3,2,1,0,210,0,刃鱗研装,1,,,,,,,,,,,,,,,,,,,,,
太刀,雷刀ジンライⅠ,0,3,2,0,0,200,0,耐性変換【雷】,1,強化持続,2,,,,,,,,,,,,,,,,,,,
太刀,神雷斬破刀,0,3,2,1,0,220,0,耐性変換【雷】,1,強化持続,2,,,,,,,,,,,,,,,,,,,
太刀,鋼鉄ピッケル,0,3,2,1,0,170,0,パワーストーン,1,,,,,,,,,,,,,,,,,,,,,
太刀,鋼鉄ピッケル【採掘狂】,0,3,3,1,0,180,0,パワーストーン,1,,,,,,,,,,,,,,,,,,,,,
弓,シャルラアルナスルⅠ,0,3,2,0,0,190,0,刃鱗増装,1,,,,,,,,,,,,,,,,,,,,,
弓,叛弓アルナスル,0,3,2,1,0,210,0,刃鱗増装,1,,,,,,,,,,,,,,,,,,,,,
弓,ボルトアローⅠ,0,3,2,0,0,200,0,耐性変換【雷】,1,フォースショット,2,,,,,,,,,,,,,,,,,,,
弓,ハイボルトアロー,0,3,2,1,0,220,0,耐性変換【雷】,1,フォースショット,2,,,,,,,,,,,,,,,,,,,
操虫棍,キーラアルティールⅠ,0,3,2,0,0,190,0,刃鱗研装,1,,,,,,,,,,,,,,,,,,,,,
操虫棍,叛棍アルティール,0,3,2,1,0,210,0,刃鱗研装,1,,,,,,,,,,,,,,,,,,,,,
操虫棍,雷棍トライクルスⅠ,0,3,2,0,0,200,0,耐性変換【雷】,1,集中,2,,,,,,,,,,,,,,,,,,,
操虫棍,雷叉棍ヴォルトラギア,0,3,2,1,0,220,0,耐性変換【雷】,1,集中,2,,,,,,,,,,,,,,,,,,,
操虫棍,先駆け衆の長杖,0,3,2,1,0,210,0,砥石使用高速化,2,飛燕,1,,,,,,,,,,,,,,,,,,,
操虫棍,先駆け衆の長杖【皆伝】,0,3,3,1,0,230,0,砥石使用高速化,2,飛燕,1,,,,,,,,,,,,,,,,,,,
片手剣,ナーブアルファルドⅠ,0,3,2,0,0,190,0,刃鱗研装,1,,,,,,,,,,,,,,,,,,,,,
片手剣,叛牙アルファルド,0,3,2,1,0,210,0,刃鱗研装,1,,,,,,,,,,,,,,,,,,,,,
片手剣,マイニングピッケル,0,3,2,1,0,170,0,パワーストーン,1,,,,,,,,,,,,,,,,,,,,,
片手剣,鶴嘴剣ディグモア,0,3,3,1,0,180,0,パワーストーン,1,,,,,,,,,,,,,,,,,,,,,
片手剣,ラギアソードⅠ,0,3,2,0,0,200,0,耐性変換【雷】,1,攻めの守勢,2,,,,,,,,,,,,,,,,,,,
片手剣,ハイラギアソード,0,3,2,1,0,220,0,耐性変換【雷】,1,攻めの守勢,2,,,,,,,,,,,,,,,,,,,
狩猟笛,ワージャアルリジルⅠ,0,3,2,0,0,190,0,刃鱗研装,1,,,,,,,,,,,,,,,,,,,,,
狩猟笛,叛笛アルリジル,0,3,2,1,0,210,0,刃鱗研装,1,,,,,,,,,,,,,,,,,,,,,
狩猟笛,ラギアホーンⅠ,0,3,2,0,0,210,0,耐性変換【雷】,1,ＫＯ術,2,,,,,,,,,,,,,,,,,,,
狩猟笛,雷笛ヴォルトホーン,0,3,2,1,0,230,0,耐性変換【雷】,1,ＫＯ術,2,,,,,,,,,,,,,,,,,,,
大剣,シャドウブリンガー,0,3,2,0,0,210,0,暗黒,1,,,,,,,,,,,,,,,,,,,,,
大剣,シャドウブリンガー・真,0,3,2,1,0,220,0,暗黒,1,,,,,,,,,,,,,,,,,,,,,
双剣,双剣テイスティ,0,3,2,0,0,200,0,炎の料理人,1,,,,,,,,,,,,,,,,,,,,,
双剣,双剣ウェル＝断,0,3,2,1,0,220,0,炎の料理人,1,,,,,,,,,,,,,,,,,,,,,
操虫棍,ロッドオブオメガ,0,3,2,0,0,190,0,連携プログラム,1,,,,,,,,,,,,,,,,,,,,,
操虫棍,ロッドオブオメガ・真,0,3,2,1,0,210,0,連携プログラム,1,,,,,,,,,,,,,,,,,,,,,
片手剣,ブレードオブオメガ,0,3,2,0,0,200,0,シールドオプション,1,ガード強化,3,,,,,,,,,,,,,,,,,,,
片手剣,ブレードオブオメガ・真,0,3,2,1,0,220,0,シールドオプション,1,ガード強化,3,,,,,,,,,,,,,,,,,,,
片手剣,ねこ？ぱんち,0,3,2,0,0,220,0,にゃんにゃんぼう,1,,,,,,,,,,,,,,,,,,,,,
片手剣,にゃんにゃんぼう,0,3,2,1,0,240,0,にゃんにゃんぼう,1,,,,,,,,,,,,,,,,,,,,,
弓,蒼世ノ龍弓,0,3,2,0,0,190,0,耐性変換【水】,1,会心撃【属性】,2,,,,,,,,,,,,,,,,,,,
弓,蒼世ノ龍弓【天翔】,0,3,2,1,0,210,0,耐性変換【水】,1,会心撃【属性】,2,,,,,,,,,,,,,,,,,,,
大剣,砕ケシ封鏡ノ剣,0,2,2,2,0,190,0,解キ放ツ鏡刃ノ破片,1,集中,3,,,,,,,,,,,,,,,,,,,
大剣,砕ケシ封鏡ノ剣【竜窩】,0,3,3,3,0,210,0,解キ放ツ鏡刃ノ破片,1,集中,3,,,,,,,,,,,,,,,,,,,
太刀,蒼世ノ太刀,0,3,2,0,0,190,0,耐性変換【水】,1,会心撃【属性】,2,,,,,,,,,,,,,,,,,,,
太刀,蒼世ノ太刀【舞龍】,0,3,2,1,0,210,0,耐性変換【水】,1,会心撃【属性】,2,,,,,,,,,,,,,,,,,,,
